family,block_weeks,dates,mean,ci95_lower,ci95_upper,classification,new_audit
v3_internal,4,37,0.025351763398474333,0.008895265951894809,0.04562936474153002,POSITIVE_INTERVAL,True
v3_internal,5,37,0.025351763398474333,0.008993891561356826,0.04398857042444719,POSITIVE_INTERVAL,True
v3_internal,8,37,0.025351763398474333,0.009576955110468062,0.04389399926541182,POSITIVE_INTERVAL,True
v3_internal,13,37,0.025351763398474333,0.009624221630405671,0.044139897137953445,POSITIVE_INTERVAL,True
v4_adaptive,4,52,0.001133682991203446,-0.008353615078851764,0.011032686391413372,CROSSES_ZERO,True
v4_adaptive,5,52,0.001133682991203446,-0.008648326720364051,0.011551575525373501,CROSSES_ZERO,True
v4_adaptive,8,52,0.001133682991203446,-0.009633077719534361,0.01305038996423839,CROSSES_ZERO,True
v4_adaptive,13,52,0.001133682991203446,-0.010708028372428376,0.01445496947513323,CROSSES_ZERO,True
v4_transport,4,13,-0.0012589161603612055,-0.012100386250962613,0.006918942412724162,CROSSES_ZERO,True
v4_transport,5,13,-0.0012589161603612055,-0.012065324864902685,0.006795842315776875,CROSSES_ZERO,True
v4_transport,8,13,-0.0012589161603612055,-0.008077803113873093,0.005559970793150682,CROSSES_ZERO,True
v4_transport,13,13,-0.0012589161603612055,,,UNINFORMATIVE_BLOCK_SPANS_WINDOW,True
