model,k,bound,test_dates,common_outcome_denominator,common_observable_denominator,unique_captured,conditional,end_to_end_common_support
epss,100,possible,102,508,325,9,0.027692307692307693,0.017716535433070866
epss,100,sure,102,508,325,9,0.027692307692307693,0.017716535433070866
epss,500,possible,102,508,325,16,0.04923076923076923,0.031496062992125984
epss,500,sure,102,508,325,16,0.04923076923076923,0.031496062992125984
epss,1000,possible,102,508,325,26,0.08,0.051181102362204724
epss,1000,sure,102,508,325,26,0.08,0.051181102362204724
full_logistic_replayable,100,possible,102,508,325,40,0.12307692307692308,0.07874015748031496
full_logistic_replayable,100,sure,102,508,325,35,0.1076923076923077,0.0688976377952756
full_logistic_replayable,500,possible,102,508,325,62,0.19076923076923077,0.1220472440944882
full_logistic_replayable,500,sure,102,508,325,59,0.18153846153846154,0.11614173228346457
full_logistic_replayable,1000,possible,102,508,325,78,0.24,0.15354330708661418
full_logistic_replayable,1000,sure,102,508,325,78,0.24,0.15354330708661418
fuzzy_primary,100,possible,102,508,325,45,0.13846153846153847,0.08858267716535433
fuzzy_primary,100,sure,102,508,325,40,0.12307692307692308,0.07874015748031496
fuzzy_primary,500,possible,102,508,325,85,0.26153846153846155,0.1673228346456693
fuzzy_primary,500,sure,102,508,325,66,0.20307692307692307,0.12992125984251968
fuzzy_primary,1000,possible,102,508,325,99,0.3046153846153846,0.19488188976377951
fuzzy_primary,1000,sure,102,508,325,85,0.26153846153846155,0.1673228346456693
fuzzy_version_aware,100,possible,102,508,325,35,0.1076923076923077,0.0688976377952756
fuzzy_version_aware,100,sure,102,508,325,26,0.08,0.051181102362204724
fuzzy_version_aware,500,possible,102,508,325,69,0.2123076923076923,0.13582677165354332
fuzzy_version_aware,500,sure,102,508,325,41,0.12615384615384614,0.08070866141732283
fuzzy_version_aware,1000,possible,102,508,325,77,0.23692307692307693,0.1515748031496063
fuzzy_version_aware,1000,sure,102,508,325,61,0.18769230769230769,0.12007874015748031
reduced_primary,100,possible,102,508,325,47,0.14461538461538462,0.09251968503937008
reduced_primary,100,sure,102,508,325,44,0.13538461538461538,0.08661417322834646
reduced_primary,500,possible,102,508,325,84,0.25846153846153846,0.16535433070866143
reduced_primary,500,sure,102,508,325,78,0.24,0.15354330708661418
reduced_primary,1000,possible,102,508,325,106,0.3261538461538461,0.20866141732283464
reduced_primary,1000,sure,102,508,325,103,0.3169230769230769,0.20275590551181102
reduced_version_aware,100,possible,102,508,325,38,0.11692307692307692,0.07480314960629922
reduced_version_aware,100,sure,102,508,325,35,0.1076923076923077,0.0688976377952756
reduced_version_aware,500,possible,102,508,325,82,0.2523076923076923,0.16141732283464566
reduced_version_aware,500,sure,102,508,325,77,0.23692307692307693,0.1515748031496063
reduced_version_aware,1000,possible,102,508,325,106,0.3261538461538461,0.20866141732283464
reduced_version_aware,1000,sure,102,508,325,103,0.3169230769230769,0.20275590551181102
