fold_id,family,date,model,n,events,AP,AUC,legacy_full_ap,tp100_min,tp100_max,tp500_min,tp500_max,tp1000_min,tp1000_max
F01,v3_internal,2024-07-02,epss,251073,7,0.0001869416538113,0.6530479748637524,0.0088755793158117,0,0,0,0,0,0
F01,v3_internal,2024-07-02,full_logistic_replayable,251073,7,0.0088755793158117,0.8404409312975188,0.0088755793158117,1,1,1,1,1,1
F01,v3_internal,2024-07-02,fuzzy_primary,251073,7,0.090367337749154,0.8531473226732641,0.0088755793158117,2,3,3,4,4,4
F01,v3_internal,2024-07-02,fuzzy_version_aware,251073,7,0.090367337749154,0.8531473226732641,0.0088755793158117,2,3,3,4,4,4
F01,v3_internal,2024-07-02,reduced_primary,251073,7,0.0750050196415467,0.9177683500411388,0.0088755793158117,1,2,2,3,4,4
F01,v3_internal,2024-07-02,reduced_version_aware,251073,7,0.0750050196415467,0.9177683500411388,0.0088755793158117,1,2,2,3,4,4
F01,v3_internal,2024-07-09,epss,251481,10,0.0002841142543111,0.6889871993192058,0.0394984591336653,0,0,0,0,0,0
F01,v3_internal,2024-07-09,full_logistic_replayable,251481,10,0.0394984591336653,0.9045299457989192,0.0394984591336653,2,2,2,2,2,2
F01,v3_internal,2024-07-09,fuzzy_primary,251481,10,0.0209311112836385,0.8929914383765921,0.0394984591336653,1,1,2,2,2,2
F01,v3_internal,2024-07-09,fuzzy_version_aware,251481,10,0.0209311112836385,0.8929914383765921,0.0394984591336653,1,1,2,2,2,2
F01,v3_internal,2024-07-09,reduced_primary,251481,10,0.0214414530962015,0.7777421651005484,0.0394984591336653,1,1,2,2,2,2
F01,v3_internal,2024-07-09,reduced_version_aware,251481,10,0.0214414530962015,0.7777421651005484,0.0394984591336653,1,1,2,2,2,2
F01,v3_internal,2024-07-16,epss,252455,11,0.0002860285883562,0.5863764925002268,0.0448781136720909,0,0,0,0,0,0
F01,v3_internal,2024-07-16,full_logistic_replayable,252455,11,0.044878113672091,0.9154462339802456,0.0448781136720909,2,2,2,2,2,2
F01,v3_internal,2024-07-16,fuzzy_primary,252455,11,0.0918994216051956,0.8677191773224953,0.0448781136720909,1,1,1,1,3,3
F01,v3_internal,2024-07-16,fuzzy_version_aware,252455,11,0.0918994216051956,0.8677191773224953,0.0448781136720909,1,1,1,1,3,3
F01,v3_internal,2024-07-16,reduced_primary,252455,11,0.0953374139237265,0.7283438919306676,0.0448781136720909,1,1,3,3,3,3
F01,v3_internal,2024-07-16,reduced_version_aware,252455,11,0.0953374139237265,0.7283438919306676,0.0448781136720909,1,1,3,3,3,3
F01,v3_internal,2024-07-23,epss,253197,11,0.000253714559415,0.5913448108217961,0.0004031469951442,0,0,0,0,1,1
F01,v3_internal,2024-07-23,full_logistic_replayable,253197,11,0.0004031469951442,0.8682547792747409,0.0004031469951442,0,0,0,0,0,0
F01,v3_internal,2024-07-23,fuzzy_primary,253197,11,0.0001387967901361,0.7511665875536706,0.0004031469951442,0,0,0,0,0,0
F01,v3_internal,2024-07-23,fuzzy_version_aware,253197,11,0.0001387967901361,0.7511665875536706,0.0004031469951442,0,0,0,0,0,0
F01,v3_internal,2024-07-23,reduced_primary,253197,11,0.0001932742747655,0.5884014124003697,0.0004031469951442,0,0,0,0,0,0
F01,v3_internal,2024-07-23,reduced_version_aware,253197,11,0.0001932742747655,0.5884014124003697,0.0004031469951442,0,0,0,0,0,0
F01,v3_internal,2024-07-30,epss,253870,8,0.0003314705056155,0.7466527089521079,0.0002668124851575,0,0,0,0,1,1
F01,v3_internal,2024-07-30,full_logistic_replayable,253870,8,0.0002668124851575,0.8292093735966785,0.0002668124851575,0,0,0,0,0,0
F01,v3_internal,2024-07-30,fuzzy_primary,253870,8,0.0001599875698692,0.8313985551204985,0.0002668124851575,0,0,0,0,0,0
F01,v3_internal,2024-07-30,fuzzy_version_aware,253870,8,0.0001599875698692,0.8313985551204985,0.0002668124851575,0,0,0,0,0,0
F01,v3_internal,2024-07-30,reduced_primary,253870,8,0.0002540272965664,0.7437345388439388,0.0002668124851575,0,0,0,0,0,0
F01,v3_internal,2024-07-30,reduced_version_aware,253870,8,0.0002540272965664,0.7437345388439388,0.0002668124851575,0,0,0,0,0,0
F01,v3_internal,2024-08-06,epss,254396,10,0.0002400811220524,0.6835433160629909,0.0002421794704276,0,0,0,0,1,1
F01,v3_internal,2024-08-06,full_logistic_replayable,254396,10,0.0002421794704276,0.6999205931144009,0.0002421794704276,0,0,0,0,0,0
F01,v3_internal,2024-08-06,fuzzy_primary,254396,10,0.0005430882699215,0.8485396208910868,0.0002421794704276,0,0,1,1,1,1
F01,v3_internal,2024-08-06,fuzzy_version_aware,254396,10,0.0005430882699215,0.8485396208910868,0.0002421794704276,0,0,1,1,1,1
F01,v3_internal,2024-08-06,reduced_primary,254396,10,0.0006848628578301,0.7368477431934147,0.0002421794704276,0,1,1,1,1,1
F01,v3_internal,2024-08-06,reduced_version_aware,254396,10,0.0006848628578301,0.7368477431934147,0.0002421794704276,0,1,1,1,1,1
F01,v3_internal,2024-08-13,epss,255042,10,0.0005314526296167,0.7360597885755513,0.00046952610572,0,0,0,0,2,2
F01,v3_internal,2024-08-13,full_logistic_replayable,255042,10,0.00046952610572,0.6782476316697512,0.00046952610572,0,0,0,0,2,2
F01,v3_internal,2024-08-13,fuzzy_primary,255042,10,0.0004425636645188,0.815455903572885,0.00046952610572,0,0,0,0,0,0
F01,v3_internal,2024-08-13,fuzzy_version_aware,255042,10,0.0004425636645188,0.815455903572885,0.00046952610572,0,0,0,0,0,0
F01,v3_internal,2024-08-13,reduced_primary,255042,10,0.0003771955916339,0.7895142570344114,0.00046952610572,0,0,0,0,0,0
F01,v3_internal,2024-08-13,reduced_version_aware,255042,10,0.0003771955916339,0.7895142570344114,0.00046952610572,0,0,0,0,0,0
F01,v3_internal,2024-08-20,epss,255886,18,0.0018372384635652,0.7649407550420964,0.000870230171554,0,0,2,2,3,3
F01,v3_internal,2024-08-20,full_logistic_replayable,255886,18,0.000870230171554,0.7532258386702866,0.000870230171554,0,0,1,1,3,3
F01,v3_internal,2024-08-20,fuzzy_primary,255886,18,0.0004745337772096,0.8282417322820969,0.000870230171554,0,0,0,0,1,1
F01,v3_internal,2024-08-20,fuzzy_version_aware,255886,18,0.0004745337772096,0.8282417322820969,0.000870230171554,0,0,0,0,1,1
F01,v3_internal,2024-08-20,reduced_primary,255886,18,0.0010812897885201,0.8237016308756425,0.000870230171554,0,0,1,1,1,1
F01,v3_internal,2024-08-20,reduced_version_aware,255886,18,0.0010812897885201,0.8237016308756425,0.000870230171554,0,0,1,1,1,1
F01,v3_internal,2024-08-27,epss,256587,16,0.0018128721619717,0.6873028079946681,0.0010143028788633,0,0,2,2,3,3
F01,v3_internal,2024-08-27,full_logistic_replayable,256587,16,0.0010143028788633,0.8107599845656758,0.0010143028788633,0,0,1,1,3,3
F01,v3_internal,2024-08-27,fuzzy_primary,256587,16,0.0006059922584449,0.8112794557841689,0.0010143028788633,0,1,1,1,2,2
F01,v3_internal,2024-08-27,fuzzy_version_aware,256587,16,0.0006059922584449,0.8112794557841689,0.0010143028788633,0,1,1,1,2,2
F01,v3_internal,2024-08-27,reduced_primary,256587,16,0.0017257436267079,0.8100261477329862,0.0010143028788633,1,1,1,2,3,3
F01,v3_internal,2024-08-27,reduced_version_aware,256587,16,0.0017257436267079,0.8100261477329862,0.0010143028788633,1,1,1,2,3,3
F01,v3_internal,2024-09-03,epss,257032,17,0.0017407297412746,0.6981298871317879,0.0008505851582545,0,0,2,2,3,3
F01,v3_internal,2024-09-03,full_logistic_replayable,257032,17,0.0008505851582545,0.7714970858876399,0.0008505851582545,0,0,1,1,3,3
F01,v3_internal,2024-09-03,fuzzy_primary,257032,17,0.0005736935267508,0.7355264226967755,0.0008505851582545,0,0,1,1,2,2
F01,v3_internal,2024-09-03,fuzzy_version_aware,257032,17,0.0005736935267508,0.7355264226967755,0.0008505851582545,0,0,1,1,2,2
F01,v3_internal,2024-09-03,reduced_primary,257032,17,0.0013691634300867,0.7655761680194907,0.0008505851582545,0,0,1,1,3,3
F01,v3_internal,2024-09-03,reduced_version_aware,257032,17,0.0013691634300867,0.7655761680194907,0.0008505851582545,0,0,1,1,3,3
F01,v3_internal,2024-09-10,epss,257563,15,0.001768774695486,0.8018263262252732,0.0069391095837849,0,0,2,2,2,2
F01,v3_internal,2024-09-10,full_logistic_replayable,257563,15,0.0069391095837849,0.7390411366683751,0.0069391095837849,1,1,2,2,3,3
F01,v3_internal,2024-09-10,fuzzy_primary,257563,15,0.1335154337548458,0.7162398206677332,0.0069391095837849,2,2,2,2,2,2
F01,v3_internal,2024-09-10,fuzzy_version_aware,257563,15,0.1335154337548458,0.7162398206677332,0.0069391095837849,2,2,2,2,2,2
F01,v3_internal,2024-09-10,reduced_primary,257563,15,0.1341474128615215,0.801129757042053,0.0069391095837849,2,2,2,2,4,4
F01,v3_internal,2024-09-10,reduced_version_aware,257563,15,0.1341474128615215,0.801129757042053,0.0069391095837849,2,2,2,2,4,4
F01,v3_internal,2024-09-17,epss,258387,13,0.0010431911762946,0.6591004631925932,0.0800765598595317,0,0,1,1,1,1
F01,v3_internal,2024-09-17,full_logistic_replayable,258387,13,0.0800765598595317,0.6477296477199718,0.0800765598595317,2,2,2,2,3,3
F01,v3_internal,2024-09-17,fuzzy_primary,258387,13,0.011068558103844,0.5960578314917374,0.0800765598595317,1,1,1,1,1,1
F01,v3_internal,2024-09-17,fuzzy_version_aware,258387,13,0.011068558103844,0.5960578314917374,0.0800765598595317,1,1,1,1,1,1
F01,v3_internal,2024-09-17,reduced_primary,258387,13,0.0112292610275446,0.652551221217186,0.0800765598595317,1,1,1,1,1,1
F01,v3_internal,2024-09-17,reduced_version_aware,258387,13,0.0112292610275446,0.652551221217186,0.0800765598595317,1,1,1,1,1,1
F01,v3_internal,2024-09-24,epss,258934,10,9.89399633877392e-05,0.4606135391080008,0.1000576776362629,0,0,0,0,0,0
F01,v3_internal,2024-09-24,full_logistic_replayable,258934,10,0.1000576776362629,0.4736793422008002,0.1000576776362629,1,1,1,1,1,1
F01,v3_internal,2024-09-24,fuzzy_primary,258934,10,4.165946754564459e-05,0.4978526517433687,0.1000576776362629,0,0,0,0,0,0
F01,v3_internal,2024-09-24,fuzzy_version_aware,258934,10,4.165946754564459e-05,0.4978526517433687,0.1000576776362629,0,0,0,0,0,0
F01,v3_internal,2024-09-24,reduced_primary,258934,10,7.990900272926108e-05,0.4494355486552038,0.1000576776362629,0,0,0,0,0,0
F01,v3_internal,2024-09-24,reduced_version_aware,258934,10,7.990900272926108e-05,0.4494355486552038,0.1000576776362629,0,0,0,0,0,0
F02,v3_internal,2024-10-01,epss,259487,7,0.0001077955577132,0.3442844480169129,0.1429225575939779,0,0,0,0,0,0
F02,v3_internal,2024-10-01,full_logistic_replayable,259487,7,0.1429225575939779,0.4575519170208549,0.1429225575939779,1,1,1,1,1,1
F02,v3_internal,2024-10-01,fuzzy_primary,259487,7,3.167484262079626e-05,0.5113008985002973,0.1429225575939779,0,0,0,0,0,0
F02,v3_internal,2024-10-01,fuzzy_version_aware,259487,7,3.167484262079626e-05,0.5113008985002973,0.1429225575939779,0,0,0,0,0,0
F02,v3_internal,2024-10-01,reduced_primary,259487,7,8.081780935728557e-05,0.3423269616155387,0.1429225575939779,0,0,0,0,0,0
F02,v3_internal,2024-10-01,reduced_version_aware,259487,7,8.081780935728557e-05,0.3423269616155387,0.1429225575939779,0,0,0,0,0,0
F02,v3_internal,2024-10-08,epss,260114,10,0.0015038932795809,0.3978543198105373,0.0204946337433699,1,1,1,1,1,1
F02,v3_internal,2024-10-08,full_logistic_replayable,260114,10,0.0204946337433699,0.608298219173869,0.0204946337433699,1,1,1,1,2,2
F02,v3_internal,2024-10-08,fuzzy_primary,260114,10,0.0004095355064795,0.6836355842278473,0.0204946337433699,0,0,0,0,0,0
F02,v3_internal,2024-10-08,fuzzy_version_aware,260114,10,0.0004095355064795,0.6836355842278473,0.0204946337433699,0,0,0,0,0,0
F02,v3_internal,2024-10-08,reduced_primary,260114,10,0.0002696159903568,0.5070077738135516,0.0204946337433699,0,0,0,0,1,1
F02,v3_internal,2024-10-08,reduced_version_aware,260114,10,0.0002696159903568,0.5070077738135516,0.0204946337433699,0,0,0,0,1,1
F02,v3_internal,2024-10-15,epss,260834,12,0.0014298995879859,0.5649903637985548,0.0007692184626956,1,1,1,1,1,1
F02,v3_internal,2024-10-15,full_logistic_replayable,260834,12,0.0007692184626956,0.788638100569226,0.0007692184626956,0,0,1,1,1,1
F02,v3_internal,2024-10-15,fuzzy_primary,260834,12,0.0520928362358407,0.647621430196328,0.0007692184626956,2,2,2,2,3,3
F02,v3_internal,2024-10-15,fuzzy_version_aware,260834,12,0.0520928362358407,0.647621430196328,0.0007692184626956,2,2,2,2,3,3
F02,v3_internal,2024-10-15,reduced_primary,260834,12,0.0718295564988468,0.6635895361587596,0.0007692184626956,2,2,3,3,4,4
F02,v3_internal,2024-10-15,reduced_version_aware,260834,12,0.0718295564988468,0.6635895361587596,0.0007692184626956,2,2,3,3,4,4
F02,v3_internal,2024-10-22,epss,261970,13,0.0015451188074244,0.6736833790396016,0.0705611880382084,1,1,1,1,1,1
F02,v3_internal,2024-10-22,full_logistic_replayable,261970,13,0.0705611880382084,0.8115678703580534,0.0705611880382084,2,2,3,3,3,3
F02,v3_internal,2024-10-22,fuzzy_primary,261970,13,0.1539779339926907,0.5692899979767672,0.0705611880382084,2,2,2,2,2,2
F02,v3_internal,2024-10-22,fuzzy_version_aware,261970,13,0.1539779339926907,0.5692899979767672,0.0705611880382084,2,2,2,2,2,2
F02,v3_internal,2024-10-22,reduced_primary,261970,13,0.1542812800796975,0.670409500561014,0.0705611880382084,2,2,2,2,2,2
F02,v3_internal,2024-10-22,reduced_version_aware,261970,13,0.1542812800796975,0.670409500561014,0.0705611880382084,2,2,2,2,2,2
F02,v3_internal,2024-10-29,epss,262703,13,0.0015383367597667,0.7167286974702559,0.0150513877627423,1,1,1,1,1,1
F02,v3_internal,2024-10-29,full_logistic_replayable,262703,13,0.0150513877627423,0.8559414870408818,0.0150513877627423,2,2,3,3,3,3
F02,v3_internal,2024-10-29,fuzzy_primary,262703,13,0.0001089100658287,0.5484778782829718,0.0150513877627423,0,0,0,0,0,0
F02,v3_internal,2024-10-29,fuzzy_version_aware,262703,13,0.0001089100658287,0.5484778782829718,0.0150513877627423,0,0,0,0,0,0
F02,v3_internal,2024-10-29,reduced_primary,262703,13,0.0004430347163745,0.7121339279700847,0.0150513877627423,0,0,0,0,1,1
F02,v3_internal,2024-10-29,reduced_version_aware,262703,13,0.0004430347163745,0.7121339279700847,0.0150513877627423,0,0,0,0,1,1
F02,v3_internal,2024-11-05,epss,263468,14,0.0014642224520636,0.6701030215087698,0.015434551006698,1,1,1,1,1,1
F02,v3_internal,2024-11-05,full_logistic_replayable,263468,14,0.015434551006698,0.7618055307025677,0.015434551006698,2,2,3,3,3,3
F02,v3_internal,2024-11-05,fuzzy_primary,263468,14,0.0007556649168945,0.6799157944623566,0.015434551006698,0,2,0,2,2,2
F02,v3_internal,2024-11-05,fuzzy_version_aware,263468,14,0.0007556649168945,0.6799157944623566,0.015434551006698,0,2,0,2,2,2
F02,v3_internal,2024-11-05,reduced_primary,263468,14,0.0016872540793315,0.8007695027269602,0.015434551006698,0,0,2,2,3,3
F02,v3_internal,2024-11-05,reduced_version_aware,263468,14,0.0016872540793315,0.8007695027269602,0.015434551006698,0,0,2,2,3,3
F02,v3_internal,2024-11-12,epss,264372,8,0.0001470005482509,0.608224361108169,0.2501077556359471,0,0,0,0,0,0
F02,v3_internal,2024-11-12,full_logistic_replayable,264372,8,0.2501077556359471,0.6879553380944455,0.2501077556359471,2,2,2,2,2,2
F02,v3_internal,2024-11-12,fuzzy_primary,264372,8,4.1399655478591226e-05,0.4724198926480156,0.2501077556359471,0,0,0,0,0,0
F02,v3_internal,2024-11-12,fuzzy_version_aware,264372,8,4.1399655478591226e-05,0.4724198926480156,0.2501077556359471,0,0,0,0,0,0
F02,v3_internal,2024-11-12,reduced_primary,264372,8,0.0001171539448931,0.6031605570349972,0.2501077556359471,0,0,0,0,0,0
F02,v3_internal,2024-11-12,reduced_version_aware,264372,8,0.0001171539448931,0.6031605570349972,0.2501077556359471,0,0,0,0,0,0
F02,v3_internal,2024-11-19,epss,265556,13,9.02986381585849e-05,0.5593044614822632,0.000228040562382,0,0,0,0,0,0
F02,v3_internal,2024-11-19,full_logistic_replayable,265556,13,0.000228040562382,0.7015986690841611,0.000228040562382,0,0,0,0,0,0
F02,v3_internal,2024-11-19,fuzzy_primary,265556,13,0.0001595637835351,0.6759932260717444,0.000228040562382,0,0,0,0,0,0
F02,v3_internal,2024-11-19,fuzzy_version_aware,265556,13,0.0001595637835351,0.6759932260717444,0.000228040562382,0,0,0,0,0,0
F02,v3_internal,2024-11-19,reduced_primary,265556,13,0.0008407177889429,0.61242218050155,0.000228040562382,0,1,1,1,1,1
F02,v3_internal,2024-11-19,reduced_version_aware,265556,13,0.0008407177889429,0.61242218050155,0.000228040562382,0,1,1,1,1,1
F02,v3_internal,2024-11-26,epss,266687,10,9.452667380143114e-05,0.6006005392291048,0.0001485765775183,0,0,0,0,0,0
F02,v3_internal,2024-11-26,full_logistic_replayable,266687,10,0.0001485765775183,0.7416400739471346,0.0001485765775183,0,0,0,0,0,0
F02,v3_internal,2024-11-26,fuzzy_primary,266687,10,8.303128121830174e-05,0.6769779546042591,0.0001485765775183,0,0,0,0,0,0
F02,v3_internal,2024-11-26,fuzzy_version_aware,266687,10,8.303128121830174e-05,0.6769779546042591,0.0001485765775183,0,0,0,0,0,0
F02,v3_internal,2024-11-26,reduced_primary,266687,10,8.748767452790908e-05,0.5957510396472137,0.0001485765775183,0,0,0,0,0,0
F02,v3_internal,2024-11-26,reduced_version_aware,266687,10,8.748767452790908e-05,0.5957510396472137,0.0001485765775183,0,0,0,0,0,0
F02,v3_internal,2024-12-03,epss,267309,9,9.869989646950582e-05,0.6064207922849898,0.0001063416049568,0,0,0,0,0,0
F02,v3_internal,2024-12-03,full_logistic_replayable,267309,9,0.0001063416049568,0.7061188011805296,0.0001063416049568,0,0,0,0,0,0
F02,v3_internal,2024-12-03,fuzzy_primary,267309,9,0.0001541710196138,0.7515808288647795,0.0001063416049568,0,0,0,0,0,0
F02,v3_internal,2024-12-03,fuzzy_version_aware,267309,9,0.0001541710196138,0.7515808288647795,0.0001063416049568,0,0,0,0,0,0
F02,v3_internal,2024-12-03,reduced_primary,267309,9,0.0001025154228453,0.6051910046971776,0.0001063416049568,0,0,0,0,0,0
F02,v3_internal,2024-12-03,reduced_version_aware,267309,9,0.0001025154228453,0.6051910046971776,0.0001063416049568,0,0,0,0,0,0
F02,v3_internal,2024-12-10,epss,268140,10,0.0027632325693839,0.6569662104203186,0.0005149855980491,1,1,1,1,1,1
F02,v3_internal,2024-12-10,full_logistic_replayable,268140,10,0.0005149855980491,0.7512790437474359,0.0005149855980491,0,0,1,1,1,1
F02,v3_internal,2024-12-10,fuzzy_primary,268140,10,0.0002619047369034,0.8037975981799873,0.0005149855980491,0,0,0,0,0,0
F02,v3_internal,2024-12-10,fuzzy_version_aware,268140,10,0.0002619047369034,0.8037975981799873,0.0005149855980491,0,0,0,0,0,0
F02,v3_internal,2024-12-10,reduced_primary,268140,10,0.0002500124898372,0.6895412672957147,0.0005149855980491,0,0,0,0,1,1
F02,v3_internal,2024-12-10,reduced_version_aware,268140,10,0.0002500124898372,0.6895412672957147,0.0005149855980491,0,0,0,0,1,1
F02,v3_internal,2024-12-17,epss,269329,10,0.0003405739938089,0.6136063552887097,0.0005471236740265,0,0,0,0,1,1
F02,v3_internal,2024-12-17,full_logistic_replayable,269329,10,0.0005471236740265,0.8071931427043766,0.0005471236740265,0,0,1,1,1,1
F02,v3_internal,2024-12-17,fuzzy_primary,269329,10,0.000234207734767,0.7291709831092497,0.0005471236740265,0,0,0,0,0,0
F02,v3_internal,2024-12-17,fuzzy_version_aware,269329,10,0.000234207734767,0.7291709831092497,0.0005471236740265,0,0,0,0,0,0
F02,v3_internal,2024-12-17,reduced_primary,269329,10,0.0004157970281873,0.7043790077937316,0.0005471236740265,0,0,0,0,1,1
F02,v3_internal,2024-12-17,reduced_version_aware,269329,10,0.0004157970281873,0.7043790077937316,0.0005471236740265,0,0,0,0,1,1
F02,v3_internal,2024-12-24,epss,269813,6,0.0003646274731474,0.473123689649762,0.0001514238950346,0,0,1,1,1,1
F02,v3_internal,2024-12-24,full_logistic_replayable,269813,6,0.0001514238950346,0.7797579998542168,0.0001514238950346,0,0,0,0,0,0
F02,v3_internal,2024-12-24,fuzzy_primary,269813,6,0.00054697242402,0.7105455628158894,0.0001514238950346,0,1,1,1,1,1
F02,v3_internal,2024-12-24,fuzzy_version_aware,269813,6,0.00054697242402,0.7105455628158894,0.0001514238950346,0,1,1,1,1,1
F02,v3_internal,2024-12-24,reduced_primary,269813,6,0.0006734541281692,0.628576785134065,0.0001514238950346,0,0,1,1,1,1
F02,v3_internal,2024-12-24,reduced_version_aware,269813,6,0.0006734541281692,0.628576785134065,0.0001514238950346,0,0,1,1,1,1
F03,v3_internal,2024-12-31,epss,270425,6,0.0003652264404582,0.4734128642341453,0.0003607027386428,0,0,1,1,1,1
F03,v3_internal,2024-12-31,full_logistic_replayable,270425,6,0.0003607027386428,0.7255015981372117,0.0003607027386428,0,0,0,0,1,1
F03,v3_internal,2024-12-31,fuzzy_primary,270425,6,4.335533485382043e-05,0.5989424436399317,0.0003607027386428,0,0,0,0,0,0
F03,v3_internal,2024-12-31,fuzzy_version_aware,270425,6,4.335533485382043e-05,0.5989424436399317,0.0003607027386428,0,0,0,0,0,0
F03,v3_internal,2024-12-31,reduced_primary,270425,6,0.0001602251474644,0.4715546368166931,0.0003607027386428,0,0,0,0,0,0
F03,v3_internal,2024-12-31,reduced_version_aware,270425,6,0.0001602251474644,0.4715546368166931,0.0003607027386428,0,0,0,0,0,0
F03,v3_internal,2025-01-07,epss,271057,12,7.437900526695366e-05,0.542897858289214,0.000115080834633,0,0,0,0,0,0
F03,v3_internal,2025-01-07,full_logistic_replayable,271057,12,0.000115080834633,0.6669466017327996,0.000115080834633,0,0,0,0,0,0
F03,v3_internal,2025-01-07,fuzzy_primary,271057,12,8.704760867347768e-05,0.5878138316515708,0.000115080834633,0,0,0,0,0,0
F03,v3_internal,2025-01-07,fuzzy_version_aware,271057,12,8.704760867347768e-05,0.5878138316515708,0.000115080834633,0,0,0,0,0,0
F03,v3_internal,2025-01-07,reduced_primary,271057,12,6.474117909881775e-05,0.528062222140235,0.000115080834633,0,0,0,0,0,0
F03,v3_internal,2025-01-07,reduced_version_aware,271057,12,6.474117909881775e-05,0.528062222140235,0.000115080834633,0,0,0,0,0,0
F03,v3_internal,2025-01-14,epss,272119,12,9.621821705414696e-05,0.6354165518221386,0.0834275004055282,0,0,0,0,0,0
F03,v3_internal,2025-01-14,full_logistic_replayable,272119,12,0.0834275004055282,0.6221310305627321,0.0834275004055282,1,1,1,1,1,1
F03,v3_internal,2025-01-14,fuzzy_primary,272119,12,0.0529329745343045,0.7512214864005704,0.0834275004055282,2,2,2,2,2,2
F03,v3_internal,2025-01-14,fuzzy_version_aware,272119,12,0.0529329745343045,0.7512214864005704,0.0834275004055282,2,2,2,2,2,2
F03,v3_internal,2025-01-14,reduced_primary,272119,12,0.0834450081592541,0.6820616522176938,0.0834275004055282,2,2,2,2,2,2
F03,v3_internal,2025-01-14,reduced_version_aware,272119,12,0.0834450081592541,0.6820616522176938,0.0834275004055282,2,2,2,2,2,2
F03,v3_internal,2025-01-21,epss,273261,14,8.745243118426528e-05,0.5579654775977151,0.0717430341555367,0,0,0,0,0,0
F03,v3_internal,2025-01-21,full_logistic_replayable,273261,14,0.0717430341555367,0.6118415102191685,0.0717430341555367,1,1,1,1,2,2
F03,v3_internal,2025-01-21,fuzzy_primary,273261,14,0.000870415069301,0.7088027106819628,0.0717430341555367,0,0,1,2,2,2
F03,v3_internal,2025-01-21,fuzzy_version_aware,273261,14,0.000870415069301,0.7088027106819628,0.0717430341555367,0,0,1,2,2,2
F03,v3_internal,2025-01-21,reduced_primary,273261,14,0.0018939741720216,0.6305958659067751,0.0717430341555367,1,1,2,2,2,2
F03,v3_internal,2025-01-21,reduced_version_aware,273261,14,0.0018939741720216,0.6305958659067751,0.0717430341555367,1,1,2,2,2,2
F03,v3_internal,2025-01-28,epss,274363,19,0.0001454723406932,0.5323632297215789,0.0005504560627005,0,0,0,0,0,0
F03,v3_internal,2025-01-28,full_logistic_replayable,274363,19,0.000550359296754,0.6255634493459613,0.0005504560627005,0,1,0,1,2,2
F03,v3_internal,2025-01-28,fuzzy_primary,274363,19,0.0004445989937036,0.6838998330179398,0.0005504560627005,0,0,1,2,1,2
F03,v3_internal,2025-01-28,fuzzy_version_aware,274363,19,0.0004445989937036,0.6838998330179398,0.0005504560627005,0,0,1,2,1,2
F03,v3_internal,2025-01-28,reduced_primary,274363,19,0.0004430097061492,0.6073515847180719,0.0005504560627005,0,0,1,2,1,2
F03,v3_internal,2025-01-28,reduced_version_aware,274363,19,0.0004430097061492,0.6073515847180719,0.0005504560627005,0,0,1,2,1,2
F03,v3_internal,2025-02-04,epss,275040,20,0.0001292055265156,0.4862380008726638,0.000309449113831,0,0,0,0,0,0
F03,v3_internal,2025-02-04,full_logistic_replayable,275040,20,0.000309449113831,0.5889865282524908,0.000309449113831,0,0,0,0,0,0
F03,v3_internal,2025-02-04,fuzzy_primary,275040,20,0.0001023403267399,0.5600955385062905,0.000309449113831,0,0,0,0,0,0
F03,v3_internal,2025-02-04,fuzzy_version_aware,275040,20,0.0001023403267399,0.5600955385062905,0.000309449113831,0,0,0,0,0,0
F03,v3_internal,2025-02-04,reduced_primary,275040,20,0.000113975856659,0.4829396043924078,0.000309449113831,0,0,0,0,0,0
F03,v3_internal,2025-02-04,reduced_version_aware,275040,20,0.000113975856659,0.4829396043924078,0.000309449113831,0,0,0,0,0,0
F03,v3_internal,2025-02-11,epss,275626,20,0.0001223442505925,0.4096842956974811,0.0008512492184683,0,0,0,0,0,0
F03,v3_internal,2025-02-11,full_logistic_replayable,275626,20,0.0008512492184683,0.7387750085266649,0.0008512492184683,0,1,1,1,1,1
F03,v3_internal,2025-02-11,fuzzy_primary,275626,20,0.0002690929792697,0.6365837463625611,0.0008512492184683,0,0,0,1,1,1
F03,v3_internal,2025-02-11,fuzzy_version_aware,275626,20,0.0002690929792697,0.6365837463625611,0.0008512492184683,0,0,0,1,1,1
F03,v3_internal,2025-02-11,reduced_primary,275626,20,0.0002270547313967,0.4683649847971379,0.0008512492184683,0,0,0,1,1,1
F03,v3_internal,2025-02-11,reduced_version_aware,275626,20,0.0002270547313967,0.4683649847971379,0.0008512492184683,0,0,0,1,1,1
F03,v3_internal,2025-02-18,epss,277088,19,0.0001302261677748,0.4313830432890458,0.0004966923342028,0,0,0,0,0,0
F03,v3_internal,2025-02-18,full_logistic_replayable,277088,19,0.0004966923342028,0.6673329140318648,0.0004966923342028,0,2,0,2,2,2
F03,v3_internal,2025-02-18,fuzzy_primary,277088,19,0.00025268508116,0.6367800078680762,0.0004966923342028,0,0,0,0,0,2
F03,v3_internal,2025-02-18,fuzzy_version_aware,277088,19,0.00025268508116,0.6367800078680762,0.0004966923342028,0,0,0,0,0,2
F03,v3_internal,2025-02-18,reduced_primary,277088,19,0.0003067616309717,0.5235682314361747,0.0004966923342028,0,0,0,0,0,2
F03,v3_internal,2025-02-18,reduced_version_aware,277088,19,0.0003067616309717,0.5235682314361747,0.0004966923342028,0,0,0,0,0,2
F03,v3_internal,2025-02-25,epss,277609,15,8.443939861920981e-05,0.4815154506221316,0.0002176707168175,0,0,0,0,0,0
F03,v3_internal,2025-02-25,full_logistic_replayable,277609,15,0.0002176707168175,0.6017355082122332,0.0002176707168175,0,0,0,0,0,0
F03,v3_internal,2025-02-25,fuzzy_primary,277609,15,0.0003071779508562,0.7405050781597105,0.0002176707168175,0,0,0,0,0,0
F03,v3_internal,2025-02-25,fuzzy_version_aware,277609,15,0.0003071779508562,0.7405050781597105,0.0002176707168175,0,0,0,0,0,0
F03,v3_internal,2025-02-25,reduced_primary,277609,15,9.264253343648856e-05,0.5677063144976716,0.0002176707168175,0,0,0,0,0,0
F03,v3_internal,2025-02-25,reduced_version_aware,277609,15,9.264253343648856e-05,0.5677063144976716,0.0002176707168175,0,0,0,0,0,0
F03,v3_internal,2025-03-04,epss,279490,10,6.785434389237537e-05,0.4897549019607843,8.992964644646064e-05,0,0,0,0,0,0
F03,v3_internal,2025-03-04,full_logistic_replayable,279490,10,8.992964644646064e-05,0.4995733147273508,8.992964644646064e-05,0,0,0,0,0,0
F03,v3_internal,2025-03-04,fuzzy_primary,279490,10,8.485346760472474e-05,0.679005653356233,8.992964644646064e-05,0,0,0,0,0,0
F03,v3_internal,2025-03-04,fuzzy_version_aware,279490,10,8.485346760472474e-05,0.679005653356233,8.992964644646064e-05,0,0,0,0,0,0
F03,v3_internal,2025-03-04,reduced_primary,279490,10,6.22733588811371e-05,0.4835771790468012,8.992964644646064e-05,0,0,0,0,0,0
F03,v3_internal,2025-03-04,reduced_version_aware,279490,10,6.22733588811371e-05,0.4835771790468012,8.992964644646064e-05,0,0,0,0,0,0
F03,v3_internal,2025-03-11,epss,280154,10,6.59262597553679e-05,0.4389886986692558,0.0016460307953348,0,0,0,0,0,0
F03,v3_internal,2025-03-11,full_logistic_replayable,280154,10,0.0016460307953348,0.8663437375064252,0.0016460307953348,0,1,2,2,3,3
F03,v3_internal,2025-03-11,fuzzy_primary,280154,10,0.0015006952552795,0.8665961077160318,0.0016460307953348,0,0,1,3,3,3
F03,v3_internal,2025-03-11,fuzzy_version_aware,280154,10,0.0015006952552795,0.8665961077160318,0.0016460307953348,0,0,1,3,3,3
F03,v3_internal,2025-03-11,reduced_primary,280154,10,0.0018561591759172,0.6948828102690046,0.0016460307953348,0,1,1,3,3,3
F03,v3_internal,2025-03-11,reduced_version_aware,280154,10,0.0018561591759172,0.6948828102690046,0.0016460307953348,0,1,1,3,3,3
F04,v4_transport,2025-03-18,epss,269374,11,0.0001933100746318,0.6469044982556489,0.0001155658308326,0,0,0,0,0,0
F04,v4_transport,2025-03-18,full_logistic_replayable,269374,11,0.0001155658308326,0.4558638849298665,0.0001155658308326,0,0,0,0,0,0
F04,v4_transport,2025-03-18,fuzzy_primary,269374,11,0.000683834586899,0.6729180595431714,0.0001155658308326,0,0,1,1,2,2
F04,v4_transport,2025-03-18,fuzzy_version_aware,269374,11,8.951905957666811e-05,0.6359831089712328,0.0001155658308326,0,5,0,5,0,5
F04,v4_transport,2025-03-18,reduced_primary,269374,11,0.0006736379871036,0.7062367342751062,0.0001155658308326,0,0,1,1,2,2
F04,v4_transport,2025-03-18,reduced_version_aware,269374,11,0.0001933100746318,0.6469044982556489,0.0001155658308326,0,0,0,0,0,0
F04,v4_transport,2025-03-25,epss,270297,8,0.0003193990169937,0.626562679206331,6.261226081402435e-05,0,0,0,0,0,0
F04,v4_transport,2025-03-25,full_logistic_replayable,270297,8,6.261226081402435e-05,0.47356880043213,6.261226081402435e-05,0,0,0,0,0,0
F04,v4_transport,2025-03-25,fuzzy_primary,270297,8,0.0014657306416619,0.6627142614016849,6.261226081402435e-05,1,1,1,1,1,1
F04,v4_transport,2025-03-25,fuzzy_version_aware,270297,8,0.0014657306416619,0.6627142614016849,6.261226081402435e-05,1,1,1,1,1,1
F04,v4_transport,2025-03-25,reduced_primary,270297,8,0.0005764088366251,0.6633145448020452,6.261226081402435e-05,0,0,1,1,1,1
F04,v4_transport,2025-03-25,reduced_version_aware,270297,8,0.0005764088366251,0.6633145448020452,6.261226081402435e-05,0,0,1,1,1,1
F04,v4_transport,2025-04-01,epss,271554,6,9.208314755244344e-05,0.5034849578466176,0.0001961439161764,0,0,0,0,0,0
F04,v4_transport,2025-04-01,full_logistic_replayable,271554,6,0.0001961439161764,0.4758643039168029,0.0001961439161764,0,0,0,0,0,0
F04,v4_transport,2025-04-01,fuzzy_primary,271554,6,0.0001004734843542,0.5894608565213763,0.0001961439161764,0,0,0,0,0,0
F04,v4_transport,2025-04-01,fuzzy_version_aware,271554,6,0.0001004734843542,0.5894608565213763,0.0001961439161764,0,0,0,0,0,0
F04,v4_transport,2025-04-01,reduced_primary,271554,6,4.0022901931388446e-05,0.4997087684927404,0.0001961439161764,0,0,0,0,0,0
F04,v4_transport,2025-04-01,reduced_version_aware,271554,6,4.0022901931388446e-05,0.4997087684927404,0.0001961439161764,0,0,0,0,0,0
F04,v4_transport,2025-04-08,epss,272734,10,8.685636257574899e-05,0.5276061146067086,0.0009092050520666,0,0,0,0,0,0
F04,v4_transport,2025-04-08,full_logistic_replayable,272734,10,0.0009092050520666,0.5755723735351491,0.0009092050520666,0,0,1,1,1,1
F04,v4_transport,2025-04-08,fuzzy_primary,272734,10,0.0005969498190698,0.6901314149103123,0.0009092050520666,0,0,1,1,1,1
F04,v4_transport,2025-04-08,fuzzy_version_aware,272734,10,0.0005969498190698,0.6901314149103123,0.0009092050520666,0,0,1,1,1,1
F04,v4_transport,2025-04-08,reduced_primary,272734,10,0.0006404966641753,0.5986088499728663,0.0009092050520666,0,0,1,1,1,1
F04,v4_transport,2025-04-08,reduced_version_aware,272734,10,0.0006404966641753,0.5986088499728663,0.0009092050520666,0,0,1,1,1,1
F04,v4_transport,2025-04-15,epss,273536,10,0.0002097836806966,0.7403327288813495,0.0002777015357819,0,0,0,0,0,0
F04,v4_transport,2025-04-15,full_logistic_replayable,273536,10,0.0002777015357819,0.3017594305477358,0.0002777015357819,0,0,1,1,1,1
F04,v4_transport,2025-04-15,fuzzy_primary,273536,10,0.1004840638041729,0.8140926273919116,0.0002777015357819,1,1,1,1,1,1
F04,v4_transport,2025-04-15,fuzzy_version_aware,273536,10,0.1004840638041729,0.8140926273919116,0.0002777015357819,1,1,1,1,1,1
F04,v4_transport,2025-04-15,reduced_primary,273536,10,0.1009069078973882,0.7942100568136119,0.0002777015357819,1,1,2,2,2,2
F04,v4_transport,2025-04-15,reduced_version_aware,273536,10,0.1009069078973882,0.7942100568136119,0.0002777015357819,1,1,2,2,2,2
F04,v4_transport,2025-04-22,epss,274708,12,0.0001765804648133,0.6112300810107658,0.0164589652884774,0,0,0,0,0,0
F04,v4_transport,2025-04-22,full_logistic_replayable,274708,12,0.0164589652884774,0.5318198723922688,0.0164589652884774,2,2,2,2,2,2
F04,v4_transport,2025-04-22,fuzzy_primary,274708,12,0.0012990424931031,0.7894836473774646,0.0164589652884774,1,1,1,1,1,1
F04,v4_transport,2025-04-22,fuzzy_version_aware,274708,12,0.0012990424931031,0.7894836473774646,0.0164589652884774,1,1,1,1,1,1
F04,v4_transport,2025-04-22,reduced_primary,274708,12,0.00278210634171,0.6812766051683801,0.0164589652884774,1,1,1,1,1,1
F04,v4_transport,2025-04-22,reduced_version_aware,274708,12,0.00278210634171,0.6812766051683801,0.0164589652884774,1,1,1,1,1,1
F04,v4_transport,2025-04-29,epss,275282,12,0.000196276971953,0.6687285816350008,0.0172259536156667,0,0,0,0,0,0
F04,v4_transport,2025-04-29,full_logistic_replayable,275282,12,0.0172259536156667,0.3972773700972378,0.0172259536156667,1,1,1,1,2,2
F04,v4_transport,2025-04-29,fuzzy_primary,275282,12,0.006575604952937,0.8148820551942941,0.0172259536156667,1,1,1,1,1,1
F04,v4_transport,2025-04-29,fuzzy_version_aware,275282,12,0.006575604952937,0.8148820551942941,0.0172259536156667,1,1,1,1,1,1
F04,v4_transport,2025-04-29,reduced_primary,275282,12,0.0072329299667557,0.7650632409391991,0.0172259536156667,1,1,1,1,1,1
F04,v4_transport,2025-04-29,reduced_version_aware,275282,12,0.0072329299667557,0.7650632409391991,0.0172259536156667,1,1,1,1,1,1
F04,v4_transport,2025-05-06,epss,276284,11,0.0009354246099921,0.6484319034894009,0.0015032029816177,0,0,1,1,2,2
F04,v4_transport,2025-05-06,full_logistic_replayable,276284,11,0.0015032029816177,0.5739160178519074,0.0015032029816177,1,1,1,1,1,1
F04,v4_transport,2025-05-06,fuzzy_primary,276284,11,0.0006680145112168,0.7390729788683986,0.0015032029816177,0,0,1,1,1,1
F04,v4_transport,2025-05-06,fuzzy_version_aware,276284,11,0.0006680145112168,0.7390729788683986,0.0015032029816177,0,0,1,1,1,1
F04,v4_transport,2025-05-06,reduced_primary,276284,11,0.0015263429317358,0.7230341661393556,0.0015032029816177,1,1,1,1,1,1
F04,v4_transport,2025-05-06,reduced_version_aware,276284,11,0.0015263429317358,0.7230341661393556,0.0015032029816177,1,1,1,1,1,1
F04,v4_transport,2025-05-13,epss,277155,15,0.0008350534040823,0.6277554064131246,0.0037271869354383,0,0,1,1,2,2
F04,v4_transport,2025-05-13,full_logistic_replayable,277155,15,0.0037271869354383,0.6043114190180655,0.0037271869354383,1,1,3,3,4,4
F04,v4_transport,2025-05-13,fuzzy_primary,277155,15,0.0020249629227752,0.8421241971566717,0.0037271869354383,0,0,3,3,3,3
F04,v4_transport,2025-05-13,fuzzy_version_aware,277155,15,0.0020249629227752,0.8421241971566717,0.0037271869354383,0,0,3,3,3,3
F04,v4_transport,2025-05-13,reduced_primary,277155,15,0.0034004163018536,0.8231804623415362,0.0037271869354383,1,1,3,3,3,3
F04,v4_transport,2025-05-13,reduced_version_aware,277155,15,0.0034004163018536,0.8231804623415362,0.0037271869354383,1,1,3,3,3,3
F04,v4_transport,2025-05-20,epss,278315,11,0.0017409728518363,0.7969809991951248,0.0005556488499067,0,0,2,2,2,2
F04,v4_transport,2025-05-20,full_logistic_replayable,278315,11,0.0005556488499067,0.6329233173403577,0.0005556488499067,0,0,0,0,0,0
F04,v4_transport,2025-05-20,fuzzy_primary,278315,11,0.0002480755251089,0.7823867556210605,0.0005556488499067,0,0,0,0,0,0
F04,v4_transport,2025-05-20,fuzzy_version_aware,278315,11,0.0002480755251089,0.7823867556210605,0.0005556488499067,0,0,0,0,0,0
F04,v4_transport,2025-05-20,reduced_primary,278315,11,0.0004828771611537,0.8360055256776109,0.0005556488499067,0,0,0,0,0,0
F04,v4_transport,2025-05-20,reduced_version_aware,278315,11,0.0004828771611537,0.8360055256776109,0.0005556488499067,0,0,0,0,0,0
F04,v4_transport,2025-05-27,epss,279057,13,0.0016361733619441,0.8443763486982477,0.0003566099738505,0,0,2,2,2,2
F04,v4_transport,2025-05-27,full_logistic_replayable,279057,13,0.0003566099738505,0.6013383056215011,0.0003566099738505,0,0,0,0,0,0
F04,v4_transport,2025-05-27,fuzzy_primary,279057,13,0.0002472674481791,0.7759249161698237,0.0003566099738505,0,0,0,0,1,1
F04,v4_transport,2025-05-27,fuzzy_version_aware,279057,13,0.0002472674481791,0.7759249161698237,0.0003566099738505,0,0,0,0,1,1
F04,v4_transport,2025-05-27,reduced_primary,279057,13,0.0007908652234115,0.840818734955502,0.0003566099738505,0,0,0,0,1,1
F04,v4_transport,2025-05-27,reduced_version_aware,279057,13,0.0007908652234115,0.840818734955502,0.0003566099738505,0,0,0,0,1,1
F04,v4_transport,2025-06-03,epss,279580,11,0.0004076950968567,0.6951001525399975,0.002683462663588,0,0,0,0,0,0
F04,v4_transport,2025-06-03,full_logistic_replayable,279580,11,0.002683462663588,0.6275812866493521,0.002683462663588,1,1,3,3,3,3
F04,v4_transport,2025-06-03,fuzzy_primary,279580,11,0.0015952904585999,0.8643779271924739,0.002683462663588,0,0,1,3,3,3
F04,v4_transport,2025-06-03,fuzzy_version_aware,279580,11,0.0015952904585999,0.8643779271924739,0.002683462663588,0,0,1,3,3,3
F04,v4_transport,2025-06-03,reduced_primary,279580,11,0.0028843270735462,0.9347641938451364,0.002683462663588,1,1,3,3,3,3
F04,v4_transport,2025-06-03,reduced_version_aware,279580,11,0.0028843270735462,0.9347641938451364,0.002683462663588,1,1,3,3,3,3
F04,v4_transport,2025-06-10,epss,280514,11,0.0543536712972025,0.7546645911743611,0.0007451113522184,2,2,3,3,3,3
F04,v4_transport,2025-06-10,full_logistic_replayable,280514,11,0.0007451113522184,0.8084322870635317,0.0007451113522184,0,0,0,0,0,0
F04,v4_transport,2025-06-10,fuzzy_primary,280514,11,0.0001343657030751,0.7686694648866177,0.0007451113522184,0,0,0,0,0,0
F04,v4_transport,2025-06-10,fuzzy_version_aware,280514,11,0.0001343657030751,0.7686694648866177,0.0007451113522184,0,0,0,0,0,0
F04,v4_transport,2025-06-10,reduced_primary,280514,11,0.000535805856091,0.757925940186023,0.0007451113522184,0,0,0,0,0,0
F04,v4_transport,2025-06-10,reduced_version_aware,280514,11,0.000535805856091,0.757925940186023,0.0007451113522184,0,0,0,0,0,0
F05,v4_adaptive,2025-06-17,epss,281305,9,0.0664678931305571,0.7055932382812253,0.000686547721847,2,2,3,3,3,3
F05,v4_adaptive,2025-06-17,full_logistic_replayable,281305,9,0.000686547721847,0.903496870042786,0.000686547721847,0,0,0,0,0,0
F05,v4_adaptive,2025-06-17,fuzzy_primary,281305,9,0.0001177063669927,0.7405514712852891,0.000686547721847,0,0,0,0,0,0
F05,v4_adaptive,2025-06-17,fuzzy_version_aware,281305,9,0.000123231504478,0.7332282245985249,0.000686547721847,0,0,0,0,0,0
F05,v4_adaptive,2025-06-17,reduced_primary,281305,9,0.0007219617802165,0.7029364876223702,0.000686547721847,0,0,0,0,0,0
F05,v4_adaptive,2025-06-17,reduced_version_aware,281305,9,0.000681665938931,0.7023755917056924,0.000686547721847,0,0,0,0,0,0
F05,v4_adaptive,2025-06-24,epss,282344,12,0.0499183712761211,0.6997268877302845,0.0012789107254755,2,2,2,2,3,3
F05,v4_adaptive,2025-06-24,full_logistic_replayable,282344,12,0.0012789107254755,0.9145696969052982,0.0012789107254755,0,0,1,1,1,1
F05,v4_adaptive,2025-06-24,fuzzy_primary,282344,12,0.0006766082507422,0.7800517948136709,0.0012789107254755,0,0,1,1,1,1
F05,v4_adaptive,2025-06-24,fuzzy_version_aware,282344,12,0.000172353178503,0.770763970550038,0.0012789107254755,0,0,0,0,0,0
F05,v4_adaptive,2025-06-24,reduced_primary,282344,12,0.0012048017981979,0.7625562871607422,0.0012789107254755,0,0,1,1,1,1
F05,v4_adaptive,2025-06-24,reduced_version_aware,282344,12,0.0007019053646306,0.7610182043362661,0.0012789107254755,0,0,0,0,1,1
F05,v4_adaptive,2025-07-01,epss,283081,10,0.0445873294176249,0.6516147892224918,0.0028888238523166,2,2,3,3,3,3
F05,v4_adaptive,2025-07-01,full_logistic_replayable,283081,10,0.0028888238523166,0.8719688700008125,0.0028888238523166,1,1,1,1,2,2
F05,v4_adaptive,2025-07-01,fuzzy_primary,283081,10,0.0024590949741598,0.8155642930572189,0.0028888238523166,1,1,1,2,2,2
F05,v4_adaptive,2025-07-01,fuzzy_version_aware,283081,10,0.0005399951938314,0.822514846098682,0.0028888238523166,0,0,0,1,2,2
F05,v4_adaptive,2025-07-01,reduced_primary,283081,10,0.0035074894084903,0.7727013717406587,0.0028888238523166,1,1,1,1,2,2
F05,v4_adaptive,2025-07-01,reduced_version_aware,283081,10,0.0020960206135269,0.754886759858834,0.0028888238523166,0,0,2,2,2,2
F05,v4_adaptive,2025-07-08,epss,283903,8,0.00223882737133,0.7753617094348263,0.0005908336595447,1,1,1,1,1,1
F05,v4_adaptive,2025-07-08,full_logistic_replayable,283903,8,0.0005908336595447,0.8605569400658695,0.0005908336595447,0,0,0,0,1,1
F05,v4_adaptive,2025-07-08,fuzzy_primary,283903,8,0.0014286028399627,0.7281336409588052,0.0005908336595447,1,1,1,1,1,1
F05,v4_adaptive,2025-07-08,fuzzy_version_aware,283903,8,0.1251100697372209,0.7234783106430194,0.0005908336595447,1,1,1,1,1,1
F05,v4_adaptive,2025-07-08,reduced_primary,283903,8,0.0075784362648077,0.7631756459254302,0.0005908336595447,1,1,1,1,1,1
F05,v4_adaptive,2025-07-08,reduced_version_aware,283903,8,0.12519010639894,0.7471278993994258,0.0005908336595447,1,1,1,1,1,1
F05,v4_adaptive,2025-07-15,epss,284861,11,0.0018105909650703,0.7111157387460705,0.0022914169656618,1,1,1,1,1,1
F05,v4_adaptive,2025-07-15,full_logistic_replayable,284861,11,0.0022914169656618,0.893968117190866,0.0022914169656618,1,1,2,2,2,2
F05,v4_adaptive,2025-07-15,fuzzy_primary,284861,11,0.0015252280271872,0.7881109674948538,0.0022914169656618,1,1,1,2,2,2
F05,v4_adaptive,2025-07-15,fuzzy_version_aware,284861,11,0.0002312062357815,0.7651151323663172,0.0022914169656618,0,0,0,1,0,1
F05,v4_adaptive,2025-07-15,reduced_primary,284861,11,0.0020936195055714,0.8396998420221169,0.0022914169656618,1,1,2,2,2,2
F05,v4_adaptive,2025-07-15,reduced_version_aware,284861,11,0.0009449993998345,0.8382304881357014,0.0022914169656618,0,0,1,1,2,2
F05,v4_adaptive,2025-07-22,epss,285750,8,0.0023865598706879,0.7079850442007125,0.0025318124879914,1,1,1,1,1,1
F05,v4_adaptive,2025-07-22,full_logistic_replayable,285750,8,0.0025318124879914,0.870108786947666,0.0025318124879914,1,1,1,1,1,1
F05,v4_adaptive,2025-07-22,fuzzy_primary,285750,8,0.0022516776335052,0.8097831697825311,0.0025318124879914,1,1,1,1,1,1
F05,v4_adaptive,2025-07-22,fuzzy_version_aware,285750,8,0.0001250557560536,0.8236680729469241,0.0025318124879914,0,0,0,0,0,0
F05,v4_adaptive,2025-07-22,reduced_primary,285750,8,0.0022617764227506,0.7513806160802402,0.0025318124879914,1,1,1,1,1,1
F05,v4_adaptive,2025-07-22,reduced_version_aware,285750,8,0.0007102274672252,0.749804019010156,0.0025318124879914,0,0,1,1,1,1
F05,v4_adaptive,2025-07-29,epss,286457,8,0.0024506686341015,0.7582759060077012,0.0003960874543088,1,1,1,1,1,1
F05,v4_adaptive,2025-07-29,full_logistic_replayable,286457,8,0.0003960874543088,0.919245877974788,0.0003960874543088,0,0,0,0,0,0
F05,v4_adaptive,2025-07-29,fuzzy_primary,286457,8,0.0002927477957796,0.8862624760428558,0.0003960874543088,0,0,0,0,0,0
F05,v4_adaptive,2025-07-29,fuzzy_version_aware,286457,8,0.0003054262932056,0.8802731899919357,0.0003960874543088,0,0,0,0,0,0
F05,v4_adaptive,2025-07-29,reduced_primary,286457,8,0.0006609397507557,0.817391795747236,0.0003960874543088,0,0,0,0,2,2
F05,v4_adaptive,2025-07-29,reduced_version_aware,286457,8,0.0009099932033054,0.8307597949373187,0.0003960874543088,0,0,1,1,2,2
F05,v4_adaptive,2025-08-05,epss,287113,8,0.0002006514229125,0.5597015900106233,0.0003678810836289,0,0,0,0,0,0
F05,v4_adaptive,2025-08-05,full_logistic_replayable,287113,8,0.0003678810836289,0.7809995472039846,0.0003678810836289,0,0,0,0,0,0
F05,v4_adaptive,2025-08-05,fuzzy_primary,287113,8,5.933477892391214e-05,0.6265939290503474,0.0003678810836289,0,0,0,0,0,0
F05,v4_adaptive,2025-08-05,fuzzy_version_aware,287113,8,5.556404370922539e-05,0.617897633270058,0.0003678810836289,0,0,0,0,0,0
F05,v4_adaptive,2025-08-05,reduced_primary,287113,8,0.000165016991544,0.555462069626095,0.0003678810836289,0,0,0,0,0,0
F05,v4_adaptive,2025-08-05,reduced_version_aware,287113,8,0.0001550652788545,0.5549666062938646,0.0003678810836289,0,0,0,0,0,0
F05,v4_adaptive,2025-08-12,epss,287807,8,7.190444535591571e-05,0.4970854224649842,0.0022151049008405,0,0,0,0,0,0
F05,v4_adaptive,2025-08-12,full_logistic_replayable,287807,8,0.0022151049008405,0.6667038019590061,0.0022151049008405,1,1,1,1,1,1
F05,v4_adaptive,2025-08-12,fuzzy_primary,287807,8,0.0021631373842942,0.722341807997943,0.0022151049008405,1,1,1,1,1,1
F05,v4_adaptive,2025-08-12,fuzzy_version_aware,287807,8,0.0001270095940667,0.7197349539088044,0.0022151049008405,0,0,0,0,0,0
F05,v4_adaptive,2025-08-12,reduced_primary,287807,8,0.0019369811443303,0.5674322617521256,0.0022151049008405,1,1,1,1,1,1
F05,v4_adaptive,2025-08-12,reduced_version_aware,287807,8,0.0004945188875962,0.577001005910375,0.0022151049008405,0,0,1,1,1,1
F05,v4_adaptive,2025-08-19,epss,288830,7,7.560230265493708e-05,0.4952039336004601,6.337337350521176e-05,0,0,0,0,0,0
F05,v4_adaptive,2025-08-19,full_logistic_replayable,288830,7,6.337337350521176e-05,0.4808295837143955,6.337337350521176e-05,0,0,0,0,0,0
F05,v4_adaptive,2025-08-19,fuzzy_primary,288830,7,4.691910128468616e-05,0.6215784160442307,6.337337350521176e-05,0,0,0,0,0,0
F05,v4_adaptive,2025-08-19,fuzzy_version_aware,288830,7,4.5465303274505626e-05,0.6180676153116021,6.337337350521176e-05,0,0,0,0,0,0
F05,v4_adaptive,2025-08-19,reduced_primary,288830,7,6.593780167004324e-05,0.4907338206642624,6.337337350521176e-05,0,0,0,0,0,0
F05,v4_adaptive,2025-08-19,reduced_version_aware,288830,7,6.39073789214696e-05,0.4908861631023647,6.337337350521176e-05,0,0,0,0,0,0
F05,v4_adaptive,2025-08-26,epss,289758,4,4.333429213383319e-05,0.5482228027913333,3.924200584162659e-05,0,0,0,0,0,0
F05,v4_adaptive,2025-08-26,full_logistic_replayable,289758,4,3.92420058416266e-05,0.5543944173333242,3.924200584162659e-05,0,0,0,0,0,0
F05,v4_adaptive,2025-08-26,fuzzy_primary,289758,4,4.051675672738595e-05,0.7139819467548334,3.924200584162659e-05,0,0,0,0,0,0
F05,v4_adaptive,2025-08-26,fuzzy_version_aware,289758,4,5.762586927165551e-05,0.742548420384188,3.924200584162659e-05,0,0,0,0,0,0
F05,v4_adaptive,2025-08-26,reduced_primary,289758,4,4.026379598392766e-05,0.5624611739613603,3.924200584162659e-05,0,0,0,0,0,0
F05,v4_adaptive,2025-08-26,reduced_version_aware,289758,4,3.96444341470734e-05,0.5710374144964349,3.924200584162659e-05,0,0,0,0,0,0
F05,v4_adaptive,2025-09-02,epss,290538,10,0.0259642423195099,0.7381290271505673,0.0030952073837001,1,1,1,1,2,2
F05,v4_adaptive,2025-09-02,full_logistic_replayable,290538,10,0.0030952073837001,0.775849487829056,0.0030952073837001,1,1,1,1,1,1
F05,v4_adaptive,2025-09-02,fuzzy_primary,290538,10,0.0029162629094002,0.7943556214891508,0.0030952073837001,1,1,1,1,1,1
F05,v4_adaptive,2025-09-02,fuzzy_version_aware,290538,10,0.0001297977497536,0.7938895734662408,0.0030952073837001,0,0,0,0,0,0
F05,v4_adaptive,2025-09-02,reduced_primary,290538,10,0.0034936789676184,0.7859424909130962,0.0030952073837001,1,1,1,1,2,2
F05,v4_adaptive,2025-09-02,reduced_version_aware,290538,10,0.0014983358506592,0.7898701674193193,0.0030952073837001,0,0,1,1,2,2
F05,v4_adaptive,2025-09-09,epss,291561,15,0.0336895323915704,0.9208454240497213,0.0009842887722479,2,2,3,3,5,5
F05,v4_adaptive,2025-09-09,full_logistic_replayable,291561,15,0.0009842887722479,0.90972493763134,0.0009842887722479,0,0,0,0,0,0
F05,v4_adaptive,2025-09-09,fuzzy_primary,291561,15,0.0013211561757088,0.8897164312549878,0.0009842887722479,1,1,1,1,1,1
F05,v4_adaptive,2025-09-09,fuzzy_version_aware,291561,15,0.0168886565594248,0.8787393184380281,0.0009842887722479,1,1,1,1,1,1
F05,v4_adaptive,2025-09-09,reduced_primary,291561,15,0.0181995630469959,0.9060435288656564,0.0009842887722479,1,1,1,1,1,1
F05,v4_adaptive,2025-09-09,reduced_version_aware,291561,15,0.0179413953587422,0.8939198845693875,0.0009842887722479,1,1,1,1,1,1
F06,v4_adaptive,2025-09-16,epss,292715,18,0.0279971169862545,0.82691514888548,0.0013658825727256,2,2,3,3,4,4
F06,v4_adaptive,2025-09-16,full_logistic_replayable,292715,18,0.0013658825727256,0.856513163214291,0.0013658825727256,0,0,1,1,1,1
F06,v4_adaptive,2025-09-16,fuzzy_primary,292715,18,0.0007746275143414,0.8838758359517028,0.0013658825727256,0,0,1,1,1,1
F06,v4_adaptive,2025-09-16,fuzzy_version_aware,292715,18,0.0003647604010245,0.8769923428589216,0.0013658825727256,0,0,0,0,0,0
F06,v4_adaptive,2025-09-16,reduced_primary,292715,18,0.0020425129167712,0.8687408252675406,0.0013658825727256,0,0,1,1,1,1
F06,v4_adaptive,2025-09-16,reduced_version_aware,292715,18,0.0020009248815919,0.8687180485849416,0.0013658825727256,0,0,1,1,3,3
F06,v4_adaptive,2025-09-23,epss,293942,24,0.0212269692505876,0.763690538971187,0.0059915308056986,2,2,3,3,5,5
F06,v4_adaptive,2025-09-23,full_logistic_replayable,293942,24,0.0059915308056986,0.8131974025635268,0.0059915308056986,2,2,2,2,2,2
F06,v4_adaptive,2025-09-23,fuzzy_primary,293942,24,0.0054851417059462,0.7783073567003949,0.0059915308056986,2,2,2,2,2,2
F06,v4_adaptive,2025-09-23,fuzzy_version_aware,293942,24,0.0003253894529646,0.7757527893267283,0.0059915308056986,0,0,0,0,0,0
F06,v4_adaptive,2025-09-23,reduced_primary,293942,24,0.0043195091903853,0.8038209920227184,0.0059915308056986,2,2,2,2,2,2
F06,v4_adaptive,2025-09-23,reduced_version_aware,293942,24,0.0033810796095148,0.8038017122689548,0.0059915308056986,1,1,3,3,3,3
F06,v4_adaptive,2025-09-30,epss,294680,25,0.022001607033447,0.7385129727986968,0.001150370550377,3,3,4,4,5,5
F06,v4_adaptive,2025-09-30,full_logistic_replayable,294680,25,0.001150370550377,0.8151996741952453,0.001150370550377,0,0,0,0,2,2
F06,v4_adaptive,2025-09-30,fuzzy_primary,294680,25,0.0012299667369708,0.7424509341433202,0.001150370550377,1,1,1,2,3,3
F06,v4_adaptive,2025-09-30,fuzzy_version_aware,294680,25,0.021848118469188,0.7370270994892332,0.001150370550377,2,2,2,3,3,3
F06,v4_adaptive,2025-09-30,reduced_primary,294680,25,0.0124250417926794,0.7897820841322903,0.001150370550377,1,1,1,1,5,5
F06,v4_adaptive,2025-09-30,reduced_version_aware,294680,25,0.0128934270803951,0.7898162936315352,0.001150370550377,1,1,2,2,5,5
F06,v4_adaptive,2025-10-07,epss,295574,14,0.014163424067854,0.6126667536685807,0.0005144656297138,2,2,2,2,2,2
F06,v4_adaptive,2025-10-07,full_logistic_replayable,295574,14,0.0005144656297138,0.7420144326508517,0.0005144656297138,0,0,0,0,0,0
F06,v4_adaptive,2025-10-07,fuzzy_primary,295574,14,0.0001050409923279,0.6076245094058736,0.0005144656297138,0,0,0,0,0,0
F06,v4_adaptive,2025-10-07,fuzzy_version_aware,295574,14,9.299424085834715e-05,0.598531601028556,0.0005144656297138,0,0,0,0,0,0
F06,v4_adaptive,2025-10-07,reduced_primary,295574,14,0.0002421208029699,0.6083612464474218,0.0005144656297138,0,0,0,0,0,0
F06,v4_adaptive,2025-10-07,reduced_version_aware,295574,14,0.0002610837467879,0.6083235456180036,0.0005144656297138,0,0,0,0,0,0
F06,v4_adaptive,2025-10-14,epss,296429,15,0.001023213584471,0.5128896295946436,0.0010582343498973,1,1,1,1,1,1
F06,v4_adaptive,2025-10-14,full_logistic_replayable,296429,15,0.0010582343498973,0.7662020012550015,0.0010582343498973,0,0,1,1,3,3
F06,v4_adaptive,2025-10-14,fuzzy_primary,296429,15,0.0003447340628618,0.5701369256063029,0.0010582343498973,0,0,0,0,0,2
F06,v4_adaptive,2025-10-14,fuzzy_version_aware,296429,15,0.000339609105489,0.5922490165781643,0.0010582343498973,0,0,0,2,0,2
F06,v4_adaptive,2025-10-14,reduced_primary,296429,15,0.0004244538587502,0.6490152287003987,0.0010582343498973,0,0,0,0,1,1
F06,v4_adaptive,2025-10-14,reduced_version_aware,296429,15,0.0003738209909366,0.6485228992782617,0.0010582343498973,0,0,0,0,1,1
F06,v4_adaptive,2025-10-21,epss,297295,11,0.0013539008894621,0.5885209551686725,0.0092404493079727,1,1,1,1,1,1
F06,v4_adaptive,2025-10-21,full_logistic_replayable,297295,11,0.0092404493079727,0.7925071037061592,0.0092404493079727,1,1,2,2,3,3
F06,v4_adaptive,2025-10-21,fuzzy_primary,297295,11,0.0126277615308975,0.7410072217444965,0.0092404493079727,2,2,2,3,3,3
F06,v4_adaptive,2025-10-21,fuzzy_version_aware,297295,11,0.0461715583888865,0.7867547224508917,0.0092404493079727,1,1,1,2,2,2
F06,v4_adaptive,2025-10-21,reduced_primary,297295,11,0.0391107787248524,0.7445798691425769,0.0092404493079727,2,2,2,3,3,3
F06,v4_adaptive,2025-10-21,reduced_version_aware,297295,11,0.0338816156090012,0.7432670748876801,0.0092404493079727,2,2,2,2,3,3
F06,v4_adaptive,2025-10-28,epss,298443,7,0.0020241725260458,0.6441163264485518,0.0022937008253766,1,1,1,1,1,1
F06,v4_adaptive,2025-10-28,full_logistic_replayable,298443,7,0.0022937008253766,0.7553880899087242,0.0022937008253766,1,1,1,1,1,1
F06,v4_adaptive,2025-10-28,fuzzy_primary,298443,7,0.0063977559945953,0.7823110674123956,0.0022937008253766,2,2,2,2,2,2
F06,v4_adaptive,2025-10-28,fuzzy_version_aware,298443,7,0.0537981213556499,0.7792168409402925,0.0022937008253766,2,2,2,2,2,2
F06,v4_adaptive,2025-10-28,reduced_primary,298443,7,0.0397494387430326,0.7595461960736257,0.0022937008253766,2,2,2,2,2,2
F06,v4_adaptive,2025-10-28,reduced_version_aware,298443,7,0.0506723707368303,0.7601723173956416,0.0022937008253766,2,2,3,3,3,3
F06,v4_adaptive,2025-11-04,epss,299256,5,6.166067150256952e-05,0.623921724572349,0.0002444171803369,0,0,0,0,0,0
F06,v4_adaptive,2025-11-04,full_logistic_replayable,299256,5,0.0002444171803369,0.7486257355865144,0.0002444171803369,0,0,0,0,0,0
F06,v4_adaptive,2025-11-04,fuzzy_primary,299256,5,2.711557096089717e-05,0.4570170191578307,0.0002444171803369,0,0,0,0,0,0
F06,v4_adaptive,2025-11-04,fuzzy_version_aware,299256,5,2.6093025945086305e-05,0.4521983218101192,0.0002444171803369,0,0,0,0,0,0
F06,v4_adaptive,2025-11-04,reduced_primary,299256,5,5.425044044655005e-05,0.6148250131160798,0.0002444171803369,0,0,0,0,0,0
F06,v4_adaptive,2025-11-04,reduced_version_aware,299256,5,5.4403434210060527e-05,0.6152153209178917,0.0002444171803369,0,0,0,0,0,0
F06,v4_adaptive,2025-11-11,epss,300062,7,9.261285220503232e-05,0.6303427704920764,0.0006721811232549,0,0,0,0,0,0
F06,v4_adaptive,2025-11-11,full_logistic_replayable,300062,7,0.0006721811232549,0.8494171306689012,0.0006721811232549,0,0,1,1,1,1
F06,v4_adaptive,2025-11-11,fuzzy_primary,300062,7,0.0002260214692375,0.6745670436610431,0.0006721811232549,0,0,0,1,1,1
F06,v4_adaptive,2025-11-11,fuzzy_version_aware,300062,7,0.0002429957886408,0.6688899892162627,0.0006721811232549,0,0,0,1,1,1
F06,v4_adaptive,2025-11-11,reduced_primary,300062,7,0.0004112254984144,0.75545864210609,0.0006721811232549,0,0,1,1,1,1
F06,v4_adaptive,2025-11-11,reduced_version_aware,300062,7,0.0003468015670415,0.7555786201101227,0.0006721811232549,0,0,0,0,1,1
F06,v4_adaptive,2025-11-18,epss,300981,7,3.7990918703518e-05,0.55607057657567,0.0013999187484017,0,0,0,0,0,0
F06,v4_adaptive,2025-11-18,full_logistic_replayable,300981,7,0.0013999187484017,0.7961791194113588,0.0013999187484017,0,0,1,1,1,1
F06,v4_adaptive,2025-11-18,fuzzy_primary,300981,7,0.0007538131962551,0.6506079310125507,0.0013999187484017,0,0,1,1,1,1
F06,v4_adaptive,2025-11-18,fuzzy_version_aware,300981,7,9.600362269941858e-05,0.6733517085956167,0.0013999187484017,0,0,0,0,0,0
F06,v4_adaptive,2025-11-18,reduced_primary,300981,7,0.000514921506407,0.4493959611129201,0.0013999187484017,0,0,1,1,1,1
F06,v4_adaptive,2025-11-18,reduced_version_aware,300981,7,5.326906175508859e-05,0.4484637495977346,0.0013999187484017,0,0,0,0,0,0
F06,v4_adaptive,2025-11-25,epss,301666,6,8.801317584712031e-05,0.6403108355985767,6.944504181331922e-05,0,0,0,0,0,0
F06,v4_adaptive,2025-11-25,full_logistic_replayable,301666,6,6.944504181331923e-05,0.5985154368052332,6.944504181331922e-05,0,0,0,0,0,0
F06,v4_adaptive,2025-11-25,fuzzy_primary,301666,6,0.0007049041437477,0.5162078167473314,6.944504181331922e-05,0,0,1,1,1,1
F06,v4_adaptive,2025-11-25,fuzzy_version_aware,301666,6,0.0014542913124386,0.5856883577537625,6.944504181331922e-05,0,0,1,1,1,1
F06,v4_adaptive,2025-11-25,reduced_primary,301666,6,0.001241277741544,0.5613850582333311,6.944504181331922e-05,0,0,1,1,1,1
F06,v4_adaptive,2025-11-25,reduced_version_aware,301666,6,0.001709981824941,0.5616751198921524,6.944504181331922e-05,0,0,1,1,1,1
F06,v4_adaptive,2025-12-02,epss,302193,6,0.0001104991185568,0.7186038777313385,0.0556545236688722,0,0,0,0,0,0
F06,v4_adaptive,2025-12-02,full_logistic_replayable,302193,6,0.0556545236688722,0.7295940372462526,0.0556545236688722,1,1,1,1,1,1
F06,v4_adaptive,2025-12-02,fuzzy_primary,302193,6,0.0417075208671489,0.6221145074628183,0.0556545236688722,1,1,1,1,1,1
F06,v4_adaptive,2025-12-02,fuzzy_version_aware,302193,6,0.0001093011705137,0.6491066238234382,0.0556545236688722,0,0,0,0,0,0
F06,v4_adaptive,2025-12-02,reduced_primary,302193,6,0.0112365161527749,0.7228316682495717,0.0556545236688722,1,1,1,1,1,1
F06,v4_adaptive,2025-12-02,reduced_version_aware,302193,6,0.0048876489823835,0.7237014387338524,0.0556545236688722,1,1,1,1,1,1
F06,v4_adaptive,2025-12-09,epss,303259,4,7.429686695606898e-05,0.6723005391502201,0.0002913888499022,0,0,0,0,0,0
F06,v4_adaptive,2025-12-09,full_logistic_replayable,303259,4,0.0002913888499022,0.6883212972580831,0.0002913888499022,0,0,0,0,0,0
F06,v4_adaptive,2025-12-09,fuzzy_primary,303259,4,5.92887607730771e-05,0.4896835996108885,0.0002913888499022,0,0,0,0,0,0
F06,v4_adaptive,2025-12-09,fuzzy_version_aware,303259,4,5.803312628646084e-05,0.4866160491995185,0.0002913888499022,0,0,0,0,0,0
F06,v4_adaptive,2025-12-09,reduced_primary,303259,4,7.22666981517209e-05,0.6689382697729633,0.0002913888499022,0,0,0,0,0,0
F06,v4_adaptive,2025-12-09,reduced_version_aware,303259,4,7.201654046386424e-05,0.6689852599297621,0.0002913888499022,0,0,0,0,0,0
F07,v4_adaptive,2025-12-16,epss,304791,3,5.878670793121435e-05,0.537384455206023,0.0010412129847473,0,0,0,0,0,0
F07,v4_adaptive,2025-12-16,full_logistic_replayable,304791,3,0.0010412129847473,0.7408176612377565,0.0010412129847473,0,0,1,1,1,1
F07,v4_adaptive,2025-12-16,fuzzy_primary,304791,3,0.0015063003026159,0.6507818549286717,0.0010412129847473,0,0,1,1,1,1
F07,v4_adaptive,2025-12-16,fuzzy_version_aware,304791,3,0.0001777429941383,0.6462027157674625,0.0010412129847473,0,0,0,0,0,0
F07,v4_adaptive,2025-12-16,reduced_primary,304791,3,0.0015580381979673,0.7755292203105109,0.0010412129847473,0,0,1,1,1,1
F07,v4_adaptive,2025-12-16,reduced_version_aware,304791,3,0.0011261027197755,0.7744552497692385,0.0010412129847473,0,0,1,1,1,1
F07,v4_adaptive,2025-12-23,epss,305904,8,0.0001195735692348,0.5296951414859953,0.043600493797091,0,0,0,0,0,0
F07,v4_adaptive,2025-12-23,full_logistic_replayable,305904,8,0.043600493797091,0.8388061220153255,0.043600493797091,1,1,2,2,3,3
F07,v4_adaptive,2025-12-23,fuzzy_primary,305904,8,0.0432944101345732,0.8821241533070063,0.043600493797091,1,1,2,3,2,3
F07,v4_adaptive,2025-12-23,fuzzy_version_aware,305904,8,0.0004853550594104,0.8970062537594476,0.043600493797091,0,0,0,1,0,1
F07,v4_adaptive,2025-12-23,reduced_primary,305904,8,0.0644098149467228,0.7234225439365013,0.043600493797091,1,1,2,2,3,3
F07,v4_adaptive,2025-12-23,reduced_version_aware,305904,8,0.0041829066692509,0.7230045097026441,0.043600493797091,1,1,2,2,3,3
F07,v4_adaptive,2025-12-30,epss,306897,10,0.0001794501723253,0.6453199386093252,0.0528625738961308,0,0,0,0,0,0
F07,v4_adaptive,2025-12-30,full_logistic_replayable,306897,10,0.0528625738961308,0.8980289161808744,0.0528625738961308,2,2,2,2,2,2
F07,v4_adaptive,2025-12-30,fuzzy_primary,306897,10,0.0017629347476465,0.8678026439699303,0.0528625738961308,1,1,1,1,1,1
F07,v4_adaptive,2025-12-30,fuzzy_version_aware,306897,10,0.0002543309735381,0.86681465816408,0.0528625738961308,0,0,0,0,0,0
F07,v4_adaptive,2025-12-30,reduced_primary,306897,10,0.001658969644344,0.7392960601133316,0.0528625738961308,1,1,1,1,1,1
F07,v4_adaptive,2025-12-30,reduced_version_aware,306897,10,0.0008974624318961,0.7474733370915028,0.0528625738961308,0,0,1,1,1,1
F07,v4_adaptive,2026-01-06,epss,307817,14,0.0002104329372534,0.7296333090599229,0.0838118624398391,0,0,0,0,0,0
F07,v4_adaptive,2026-01-06,full_logistic_replayable,307817,14,0.0838118624398391,0.7903727616132953,0.0838118624398391,2,2,2,2,2,2
F07,v4_adaptive,2026-01-06,fuzzy_primary,307817,14,0.0014489197133645,0.7866123554908264,0.0838118624398391,1,1,1,1,1,1
F07,v4_adaptive,2026-01-06,fuzzy_version_aware,307817,14,0.0358858961470877,0.7937973778219,0.0838118624398391,1,1,1,1,1,1
F07,v4_adaptive,2026-01-06,reduced_primary,307817,14,0.0359145788654211,0.7483067787791914,0.0838118624398391,1,1,1,1,1,1
F07,v4_adaptive,2026-01-06,reduced_version_aware,307817,14,0.0359112021326633,0.7497580781028311,0.0838118624398391,1,1,1,1,1,1
F07,v4_adaptive,2026-01-13,epss,308671,12,0.0002052394231964,0.8006486662195713,0.021194749837346,0,0,0,0,0,0
F07,v4_adaptive,2026-01-13,full_logistic_replayable,308671,12,0.021194749837346,0.7824052325273738,0.021194749837346,1,1,1,1,2,2
F07,v4_adaptive,2026-01-13,fuzzy_primary,308671,12,0.0009006764295441,0.8293796714173246,0.021194749837346,0,0,1,1,1,1
F07,v4_adaptive,2026-01-13,fuzzy_version_aware,308671,12,0.0086294642409651,0.8290818778436182,0.021194749837346,1,1,1,1,1,1
F07,v4_adaptive,2026-01-13,reduced_primary,308671,12,0.0016752057776246,0.8036511706014297,0.021194749837346,1,1,1,1,1,1
F07,v4_adaptive,2026-01-13,reduced_version_aware,308671,12,0.0085752117872233,0.8032780511826968,0.021194749837346,1,1,1,1,1,1
F07,v4_adaptive,2026-01-20,epss,309842,16,0.0005385101117198,0.8314981634853111,0.0003903777176526,0,0,0,0,1,1
F07,v4_adaptive,2026-01-20,full_logistic_replayable,309842,16,0.0003903777176526,0.8127944192869546,0.0003903777176526,0,0,0,0,0,0
F07,v4_adaptive,2026-01-20,fuzzy_primary,309842,16,0.0002958713971362,0.8461878602828684,0.0003903777176526,0,0,0,0,0,0
F07,v4_adaptive,2026-01-20,fuzzy_version_aware,309842,16,0.0002886580993661,0.8599443720023497,0.0003903777176526,0,0,0,0,0,0
F07,v4_adaptive,2026-01-20,reduced_primary,309842,16,0.0003575933480761,0.7918638203378671,0.0003903777176526,0,0,0,0,0,0
F07,v4_adaptive,2026-01-20,reduced_version_aware,309842,16,0.0003513363072647,0.7842970731959229,0.0003903777176526,0,0,0,0,0,0
F07,v4_adaptive,2026-01-27,epss,311114,13,0.0008039803538445,0.7173144116194765,0.0007822428456131,0,0,0,0,2,2
F07,v4_adaptive,2026-01-27,full_logistic_replayable,311114,13,0.0007822428456131,0.7291054129588882,0.0007822428456131,0,0,1,1,1,1
F07,v4_adaptive,2026-01-27,fuzzy_primary,311114,13,0.0006160457657411,0.7283983707492472,0.0007822428456131,0,0,1,1,1,1
F07,v4_adaptive,2026-01-27,fuzzy_version_aware,311114,13,0.0001496548884762,0.7229556663888279,0.0007822428456131,0,0,0,0,0,0
F07,v4_adaptive,2026-01-27,reduced_primary,311114,13,0.0010208448075849,0.767437386770015,0.0007822428456131,0,0,1,1,1,1
F07,v4_adaptive,2026-01-27,reduced_version_aware,311114,13,0.0008212204917736,0.7668222019413433,0.0007822428456131,0,0,1,1,1,1
F07,v4_adaptive,2026-02-03,epss,311992,17,0.0023845362279023,0.6033125768938876,0.002034405833318,1,1,1,1,3,3
F07,v4_adaptive,2026-02-03,full_logistic_replayable,311992,17,0.002034405833318,0.6857327368803119,0.002034405833318,1,1,2,2,2,2
F07,v4_adaptive,2026-02-03,fuzzy_primary,311992,17,0.002253328135001,0.6736066709719387,0.002034405833318,1,1,1,2,2,2
F07,v4_adaptive,2026-02-03,fuzzy_version_aware,311992,17,0.0002937112989981,0.6733756946965019,0.002034405833318,0,0,0,1,1,1
F07,v4_adaptive,2026-02-03,reduced_primary,311992,17,0.0025107757399903,0.6987209570902646,0.002034405833318,1,1,2,2,2,2
F07,v4_adaptive,2026-02-03,reduced_version_aware,311992,17,0.0016243592453388,0.7014928609475684,0.002034405833318,1,1,1,1,3,3
F07,v4_adaptive,2026-02-10,epss,313176,19,0.0025268437710474,0.7017411646386217,0.064499372325098,1,1,1,1,4,4
F07,v4_adaptive,2026-02-10,full_logistic_replayable,313176,19,0.064499372325098,0.750124075984755,0.064499372325098,3,3,3,3,3,3
F07,v4_adaptive,2026-02-10,fuzzy_primary,313176,19,0.0043883107009972,0.733542011800706,0.064499372325098,2,2,2,2,2,2
F07,v4_adaptive,2026-02-10,fuzzy_version_aware,313176,19,0.0179206951549625,0.7305603226093251,0.064499372325098,1,1,1,1,1,1
F07,v4_adaptive,2026-02-10,reduced_primary,313176,19,0.0221244172450248,0.7153140605611814,0.064499372325098,2,2,2,2,2,2
F07,v4_adaptive,2026-02-10,reduced_version_aware,313176,19,0.019235557801873,0.7119685047839632,0.064499372325098,1,1,3,3,3,3
F07,v4_adaptive,2026-02-17,epss,314180,17,0.0020116450715498,0.6412400943609078,0.007896970039738,1,1,1,1,3,3
F07,v4_adaptive,2026-02-17,full_logistic_replayable,314180,17,0.007896970039738,0.662584390905358,0.007896970039738,2,2,2,2,2,2
F07,v4_adaptive,2026-02-17,fuzzy_primary,314180,17,0.0631167812674134,0.6675245952316623,0.007896970039738,2,2,2,2,2,2
F07,v4_adaptive,2026-02-17,fuzzy_version_aware,314180,17,0.0002737181744603,0.6655741277804272,0.007896970039738,0,0,0,0,0,0
F07,v4_adaptive,2026-02-17,reduced_primary,314180,17,0.0096596969104884,0.6711941964933528,0.007896970039738,2,2,2,2,2,2
F07,v4_adaptive,2026-02-17,reduced_version_aware,314180,17,0.0022667763931188,0.6708230890259103,0.007896970039738,1,1,2,2,3,3
F07,v4_adaptive,2026-02-24,epss,315577,18,0.0017328049589546,0.6031959686355536,0.0003150778871916,1,1,1,1,2,2
F07,v4_adaptive,2026-02-24,full_logistic_replayable,315577,18,0.0003150778871916,0.6786041243916,0.0003150778871916,0,0,0,0,0,0
F07,v4_adaptive,2026-02-24,fuzzy_primary,315577,18,0.0002890519811022,0.711628851938588,0.0003150778871916,0,0,0,0,0,0
F07,v4_adaptive,2026-02-24,fuzzy_version_aware,315577,18,0.0003219189281677,0.7192986625850211,0.0003150778871916,0,0,0,0,0,0
F07,v4_adaptive,2026-02-24,reduced_primary,315577,18,0.0003404562112469,0.6379077376268076,0.0003150778871916,0,0,0,0,0,0
F07,v4_adaptive,2026-02-24,reduced_version_aware,315577,18,0.000353680513886,0.6432319752847768,0.0003150778871916,0,0,0,0,0,0
F07,v4_adaptive,2026-03-03,epss,316574,18,0.0018437811217575,0.5957900550508177,0.0003016187162647,1,1,1,1,1,1
F07,v4_adaptive,2026-03-03,full_logistic_replayable,316574,18,0.0003016187162647,0.6115687271762342,0.0003016187162647,0,0,0,0,0,0
F07,v4_adaptive,2026-03-03,fuzzy_primary,316574,18,0.0001814650909995,0.6023872728855417,0.0003016187162647,0,0,0,0,0,0
F07,v4_adaptive,2026-03-03,fuzzy_version_aware,316574,18,0.0001722584860197,0.5995120575471288,0.0003016187162647,0,0,0,0,0,0
F07,v4_adaptive,2026-03-03,reduced_primary,316574,18,0.0002626698253164,0.5859046705445131,0.0003016187162647,0,0,0,0,0,0
F07,v4_adaptive,2026-03-03,reduced_version_aware,316574,18,0.0002660833811453,0.5838987063549226,0.0003016187162647,0,0,0,0,0,0
F07,v4_adaptive,2026-03-10,epss,317940,12,0.0002004937266212,0.5788412261057011,0.0032431779829529,0,0,0,0,0,0
F07,v4_adaptive,2026-03-10,full_logistic_replayable,317940,12,0.0032431779829529,0.6288635582060509,0.0032431779829529,1,1,1,1,1,1
F07,v4_adaptive,2026-03-10,fuzzy_primary,317940,12,0.0070512054076756,0.7064268482172064,0.0032431779829529,1,1,1,1,1,1
F07,v4_adaptive,2026-03-10,fuzzy_version_aware,317940,12,0.0001141216804064,0.7109061118659991,0.0032431779829529,0,0,0,0,0,0
F07,v4_adaptive,2026-03-10,reduced_primary,317940,12,0.0057003815793587,0.599616763334256,0.0032431779829529,1,1,1,1,1,1
F07,v4_adaptive,2026-03-10,reduced_version_aware,317940,12,0.0005738375089608,0.5982307052749889,0.0032431779829529,0,0,1,1,1,1
F08,v4_adaptive,2026-03-17,epss,319360,17,0.0002378486596355,0.6208791542783336,0.0002471947857241,0,0,0,0,0,0
F08,v4_adaptive,2026-03-17,full_logistic_replayable,319360,17,0.0002471947857241,0.6343401553667816,0.0002471947857241,0,0,0,0,0,0
F08,v4_adaptive,2026-03-17,fuzzy_primary,319360,17,0.0001622856594077,0.7386965075906765,0.0002471947857241,0,0,0,0,0,0
F08,v4_adaptive,2026-03-17,fuzzy_version_aware,319360,17,0.000185396196358,0.7497907928981395,0.0002471947857241,0,0,0,0,0,0
F08,v4_adaptive,2026-03-17,reduced_primary,319360,17,0.0001836728533405,0.6172466042873687,0.0002471947857241,0,0,0,0,0,0
F08,v4_adaptive,2026-03-17,reduced_version_aware,319360,17,0.000178928739634,0.6176030346127923,0.0002471947857241,0,0,0,0,0,0
F08,v4_adaptive,2026-03-24,epss,320709,20,0.0002409643407214,0.5438366298812869,0.0004396241772489,0,0,0,0,0,0
F08,v4_adaptive,2026-03-24,full_logistic_replayable,320709,20,0.0004396241772489,0.7926236166503996,0.0004396241772489,0,0,0,0,0,0
F08,v4_adaptive,2026-03-24,fuzzy_primary,320709,20,0.0023969756062209,0.7724890782034931,0.0004396241772489,1,1,1,3,1,3
F08,v4_adaptive,2026-03-24,fuzzy_version_aware,320709,20,0.0005640388526974,0.7766271995609454,0.0004396241772489,0,0,0,2,0,2
F08,v4_adaptive,2026-03-24,reduced_primary,320709,20,0.0019448681471543,0.6567102395155431,0.0004396241772489,1,1,2,2,3,3
F08,v4_adaptive,2026-03-24,reduced_version_aware,320709,20,0.0012679293675047,0.6530844525381289,0.0004396241772489,1,1,1,1,2,2
F08,v4_adaptive,2026-03-31,epss,322346,22,0.0003718384016256,0.6391263138953351,0.0003535021523282,0,0,0,0,0,0
F08,v4_adaptive,2026-03-31,full_logistic_replayable,322346,22,0.0003535021523282,0.701078657725541,0.0003535021523282,0,0,0,0,1,1
F08,v4_adaptive,2026-03-31,fuzzy_primary,322346,22,0.0002302324117356,0.7433092450171538,0.0003535021523282,0,0,0,0,0,1
F08,v4_adaptive,2026-03-31,fuzzy_version_aware,322346,22,0.000239548492266,0.7417697156221126,0.0003535021523282,0,0,0,1,0,1
F08,v4_adaptive,2026-03-31,reduced_primary,322346,22,0.0004021369434713,0.6871004161820236,0.0003535021523282,0,0,0,0,0,0
F08,v4_adaptive,2026-03-31,reduced_version_aware,322346,22,0.0003940245341385,0.6880283362534141,0.0003535021523282,0,0,0,0,0,0
F08,v4_adaptive,2026-04-07,epss,323694,22,0.0003761935224066,0.6492712038449698,0.000359495052833,0,0,0,0,0,0
F08,v4_adaptive,2026-04-07,full_logistic_replayable,323694,22,0.000359495052833,0.693299712503567,0.000359495052833,0,0,0,0,1,1
F08,v4_adaptive,2026-04-07,fuzzy_primary,323694,22,0.0003380270291285,0.7119526445402641,0.000359495052833,0,0,1,1,1,1
F08,v4_adaptive,2026-04-07,fuzzy_version_aware,323694,22,0.0002017944367344,0.7107103656001923,0.000359495052833,0,0,0,0,0,0
F08,v4_adaptive,2026-04-07,reduced_primary,323694,22,0.0005285709987985,0.6881712743989987,0.000359495052833,0,0,1,1,1,1
F08,v4_adaptive,2026-04-07,reduced_version_aware,323694,22,0.000479079173241,0.689472816476388,0.000359495052833,0,0,1,1,1,1
F08,v4_adaptive,2026-04-14,epss,325277,15,0.0002121697898216,0.6305672555252894,0.0115051856517958,0,0,0,0,0,0
F08,v4_adaptive,2026-04-14,full_logistic_replayable,325277,15,0.0115051856517958,0.6485583929263179,0.0115051856517958,1,1,1,1,2,2
F08,v4_adaptive,2026-04-14,fuzzy_primary,325277,15,0.0343312797823495,0.6973072989364472,0.0115051856517958,1,1,2,2,2,2
F08,v4_adaptive,2026-04-14,fuzzy_version_aware,325277,15,0.0061861766604049,0.7010120046813543,0.0115051856517958,1,1,1,1,1,1
F08,v4_adaptive,2026-04-14,reduced_primary,325277,15,0.0141229256726341,0.6492362054794801,0.0115051856517958,2,2,2,2,2,2
F08,v4_adaptive,2026-04-14,reduced_version_aware,325277,15,0.0088852640408081,0.6503454650917312,0.0115051856517958,2,2,2,2,2,2
F08,v4_adaptive,2026-04-21,epss,326375,14,0.0014833486020351,0.8115611021449954,0.0018035632448324,0,0,1,1,3,3
F08,v4_adaptive,2026-04-21,full_logistic_replayable,326375,14,0.0018035632448324,0.9195903572161764,0.0018035632448324,0,0,1,1,4,4
F08,v4_adaptive,2026-04-21,fuzzy_primary,326375,14,0.001534786777326,0.9015589441490516,0.0018035632448324,0,0,2,2,2,2
F08,v4_adaptive,2026-04-21,fuzzy_version_aware,326375,14,0.0012224089433674,0.9115148343617738,0.0018035632448324,0,0,1,1,1,1
F08,v4_adaptive,2026-04-21,reduced_primary,326375,14,0.002274180482941,0.9282239824698942,0.0018035632448324,0,0,2,2,2,2
F08,v4_adaptive,2026-04-21,reduced_version_aware,326375,14,0.0020324716426957,0.927923701492694,0.0018035632448324,0,0,2,2,2,2
F08,v4_adaptive,2026-04-28,epss,327871,7,0.0024076740568986,0.8478160369630613,0.0022329481670269,0,0,1,1,3,3
F08,v4_adaptive,2026-04-28,full_logistic_replayable,327871,7,0.0022329481670269,0.9779159302986256,0.0022329481670269,0,0,1,1,3,3
F08,v4_adaptive,2026-04-28,fuzzy_primary,327871,7,0.0003742701787585,0.9498171715798536,0.0022329481670269,0,0,0,0,0,1
F08,v4_adaptive,2026-04-28,fuzzy_version_aware,327871,7,0.0003881735552258,0.9456216166284976,0.0022329481670269,0,0,0,1,0,1
F08,v4_adaptive,2026-04-28,reduced_primary,327871,7,0.0011672785582504,0.9896620898560728,0.0022329481670269,0,0,0,0,0,0
F08,v4_adaptive,2026-04-28,reduced_version_aware,327871,7,0.0011029401162889,0.9893087203404896,0.0022329481670269,0,0,0,0,0,0
F08,v4_adaptive,2026-05-05,epss,328957,8,0.0026101747282469,0.9802300280590608,0.0023498033089039,0,0,1,1,3,3
F08,v4_adaptive,2026-05-05,full_logistic_replayable,328957,8,0.0023498033089039,0.9764807766553478,0.0023498033089039,0,0,1,1,3,3
F08,v4_adaptive,2026-05-05,fuzzy_primary,328957,8,0.0003767961701397,0.9550948627294809,0.0023498033089039,0,0,0,0,0,0
F08,v4_adaptive,2026-05-05,fuzzy_version_aware,328957,8,0.0003494448289124,0.952686434675284,0.0023498033089039,0,0,0,0,0,0
F08,v4_adaptive,2026-05-05,reduced_primary,328957,8,0.0009698017924722,0.9701709079522964,0.0023498033089039,0,0,0,0,0,0
F08,v4_adaptive,2026-05-05,reduced_version_aware,328957,8,0.0009358973517849,0.9682450775044156,0.0023498033089039,0,0,0,0,0,0
F08,v4_adaptive,2026-05-12,epss,330809,10,0.0020988428060097,0.8130721374611168,0.0020426694986379,0,0,1,1,3,3
F08,v4_adaptive,2026-05-12,full_logistic_replayable,330809,10,0.0020426694986379,0.97024900317111,0.0020426694986379,0,0,1,1,3,3
F08,v4_adaptive,2026-05-12,fuzzy_primary,330809,10,0.0005324831688203,0.942478362993842,0.0020426694986379,0,0,1,1,1,2
F08,v4_adaptive,2026-05-12,fuzzy_version_aware,330809,10,0.0003741887447993,0.9394048954198774,0.0020426694986379,0,0,0,1,0,1
F08,v4_adaptive,2026-05-12,reduced_primary,330809,10,0.0015832621868936,0.9781649884068572,0.0020426694986379,0,0,1,1,2,2
F08,v4_adaptive,2026-05-12,reduced_version_aware,330809,10,0.0014560536286555,0.9777729074150768,0.0020426694986379,0,0,0,0,2,2
F08,v4_adaptive,2026-05-19,epss,332405,12,0.0017430333707828,0.7000858170900109,0.0019137431818423,0,0,1,1,3,3
F08,v4_adaptive,2026-05-19,full_logistic_replayable,332405,12,0.0019137431818423,0.968679645279333,0.0019137431818423,0,0,1,1,3,3
F08,v4_adaptive,2026-05-19,fuzzy_primary,332405,12,0.0005960351171048,0.8972225648554573,0.0019137431818423,0,0,1,1,1,2
F08,v4_adaptive,2026-05-19,fuzzy_version_aware,332405,12,0.000453096720912,0.8960743256727227,0.0019137431818423,0,0,0,1,0,1
F08,v4_adaptive,2026-05-19,reduced_primary,332405,12,0.0012466110274193,0.8148844139317013,0.0019137431818423,0,0,1,1,1,1
F08,v4_adaptive,2026-05-19,reduced_version_aware,332405,12,0.0011314721608657,0.8069186926319146,0.0019137431818423,0,0,0,0,1,1
F08,v4_adaptive,2026-05-26,epss,333397,10,0.0001124008036716,0.2837691631647305,0.0004413161904806,0,0,0,0,0,0
F08,v4_adaptive,2026-05-26,full_logistic_replayable,333397,10,0.0004413161904806,0.870509048043265,0.0004413161904806,0,0,0,0,0,0
F08,v4_adaptive,2026-05-26,fuzzy_primary,333397,10,0.0012318284232883,0.7871587674384424,0.0004413161904806,0,0,1,3,1,3
F08,v4_adaptive,2026-05-26,fuzzy_version_aware,333397,10,0.000731765644464,0.7929589336116886,0.0004413161904806,0,0,0,2,2,2
F08,v4_adaptive,2026-05-26,reduced_primary,333397,10,0.0013540383711821,0.556258942310288,0.0004413161904806,0,0,1,1,3,3
F08,v4_adaptive,2026-05-26,reduced_version_aware,333397,10,0.0009654400770014,0.5601559148977014,0.0004413161904806,0,0,1,1,1,1
F08,v4_adaptive,2026-06-02,epss,335675,7,1.4642806076816769e-05,0.2366792272636738,0.0004655681173358,0,0,0,0,0,0
F08,v4_adaptive,2026-06-02,full_logistic_replayable,335675,7,0.0004655681173358,0.8485040065098337,0.0004655681173358,0,0,0,0,0,0
F08,v4_adaptive,2026-06-02,fuzzy_primary,335675,7,0.0011553689018327,0.733999496100739,0.0004655681173358,0,0,1,1,1,1
F08,v4_adaptive,2026-06-02,fuzzy_version_aware,335675,7,0.0001164201463479,0.7609061845122477,0.0004655681173358,0,0,0,0,0,0
F08,v4_adaptive,2026-06-02,reduced_primary,335675,7,0.0011003557770401,0.4191173591593053,0.0004655681173358,0,0,1,1,1,1
F08,v4_adaptive,2026-06-02,reduced_version_aware,335675,7,0.0007331211673315,0.4346441807295985,0.0004655681173358,0,0,1,1,1,1
F08,v4_adaptive,2026-06-09,epss,337254,7,1.5139591128563554e-05,0.2451221635350775,0.0003480620832762,0,0,0,0,0,0
F08,v4_adaptive,2026-06-09,full_logistic_replayable,337254,7,0.0003480620832762,0.8412757245749088,0.0003480620832762,0,0,0,0,0,0
F08,v4_adaptive,2026-06-09,fuzzy_primary,337254,7,0.0013118902883017,0.7001839262363448,0.0003480620832762,0,0,1,1,1,2
F08,v4_adaptive,2026-06-09,fuzzy_version_aware,337254,7,0.0004607901646893,0.7005287349797457,0.0003480620832762,0,0,0,1,0,1
F08,v4_adaptive,2026-06-09,reduced_primary,337254,7,0.0011928604529062,0.5063632886282161,0.0003480620832762,0,0,1,1,1,1
F08,v4_adaptive,2026-06-09,reduced_version_aware,337254,7,0.0009479449547584,0.509419124346759,0.0003480620832762,0,0,1,1,1,1
