family,model,n_dates,AP,AUC
v3_internal,epss,37,0.0006289870306627022,0.5871199211263285
v3_internal,full_logistic_replayable,37,0.025980750429137046,0.7190827005183151
v3_internal,fuzzy_primary,37,0.01666257353023546,0.7015294753372363
v3_internal,fuzzy_version_aware,37,0.01666257353023546,0.7015294753372363
v3_internal,reduced_primary,37,0.017910014857351303,0.6448837017101642
v3_internal,reduced_version_aware,37,0.017910014857351303,0.6448837017101642
v4_adaptive,epss,52,0.006632717988729277,0.650295299381252
v4_adaptive,full_logistic_replayable,52,0.00776640097993273,0.784750090876064
v4_adaptive,fuzzy_primary,52,0.004950389348633793,0.7432809570424314
v4_adaptive,fuzzy_version_aware,52,0.0066399903075449,0.7470563588865873
v4_adaptive,reduced_primary,52,0.006327668982880425,0.7114245101064651
v4_adaptive,reduced_version_aware,52,0.00689831796115472,0.7113419647502132
v4_transport,epss,13,0.0047064061800869686,0.6686276186886675
v4_transport,full_logistic_replayable,13,0.003447490019725786,0.5430945130304543
v4_transport,fuzzy_primary,13,0.008932590488550222,0.7543260894027124
v4_transport,fuzzy_version_aware,13,0.008886873909525429,0.7514849393587172
v4_transport,reduced_primary,13,0.009421011164883161,0.7403190633545472
v4_transport,reduced_version_aware,13,0.00938406286392379,0.7357550451992043
