family,contrast,n_dates,block,mean_difference,lower,upper,status
v3_internal,fuzzy_minus_reduced,37,4,-0.0012474413271158465,-0.003340808243728616,0.0005268787878986372,EXPLORATORY_E02_NEW_REGISTRY
v3_internal,fuzzy_minus_epss,37,4,0.01603358649957275,0.0045707863387109155,0.028644910031363248,EXPLORATORY_E02_NEW_REGISTRY
v3_internal,fuzzy_minus_full_replayable,37,4,-0.009318176898901586,-0.028701229405882323,0.007884673860855927,EXPLORATORY_E02_NEW_REGISTRY
v3_internal,fuzzy_minus_full_legacy_ap,37,4,-0.009318179514197436,-0.02870123202117817,0.007884673795473536,EXPLORATORY_E02_NEW_REGISTRY
v3_internal,fuzzy_version_effect,37,4,0.0,0.0,0.0,EXPLORATORY_E02_NEW_REGISTRY
v3_internal,reduced_version_effect,37,4,0.0,0.0,0.0,EXPLORATORY_E02_NEW_REGISTRY
v3_internal,fuzzy_minus_reduced,37,5,-0.0012474413271158465,-0.0032338139813987117,0.0005011410652230916,EXPLORATORY_E02_NEW_REGISTRY
v3_internal,fuzzy_minus_epss,37,5,0.01603358649957275,0.00511485429434604,0.027852508687107803,EXPLORATORY_E02_NEW_REGISTRY
v3_internal,fuzzy_minus_full_replayable,37,5,-0.009318176898901586,-0.026270979920311993,0.006327243189600606,EXPLORATORY_E02_NEW_REGISTRY
v3_internal,fuzzy_minus_full_legacy_ap,37,5,-0.009318179514197436,-0.02627098266637264,0.006327240508922363,EXPLORATORY_E02_NEW_REGISTRY
v3_internal,fuzzy_version_effect,37,5,0.0,0.0,0.0,EXPLORATORY_E02_NEW_REGISTRY
v3_internal,reduced_version_effect,37,5,0.0,0.0,0.0,EXPLORATORY_E02_NEW_REGISTRY
v3_internal,fuzzy_minus_reduced,37,8,-0.0012474413271158465,-0.0031652784262189543,0.0005239335270475857,EXPLORATORY_E02_NEW_REGISTRY
v3_internal,fuzzy_minus_epss,37,8,0.01603358649957275,0.006237370868114984,0.02685360262531394,EXPLORATORY_E02_NEW_REGISTRY
v3_internal,fuzzy_minus_full_replayable,37,8,-0.009318176898901586,-0.02574109554759243,0.005848037278752891,EXPLORATORY_E02_NEW_REGISTRY
v3_internal,fuzzy_minus_full_legacy_ap,37,8,-0.009318179514197436,-0.025741095612974822,0.005848034598074647,EXPLORATORY_E02_NEW_REGISTRY
v3_internal,fuzzy_version_effect,37,8,0.0,0.0,0.0,EXPLORATORY_E02_NEW_REGISTRY
v3_internal,reduced_version_effect,37,8,0.0,0.0,0.0,EXPLORATORY_E02_NEW_REGISTRY
v3_internal,fuzzy_minus_reduced,37,13,-0.0012474413271158465,-0.0024148328128269165,0.0003292420846351723,EXPLORATORY_E02_NEW_REGISTRY
v3_internal,fuzzy_minus_epss,37,13,0.01603358649957275,0.006749688075893001,0.024300081162980564,EXPLORATORY_E02_NEW_REGISTRY
v3_internal,fuzzy_minus_full_replayable,37,13,-0.009318176898901586,-0.025931921330936032,0.006509300223825844,EXPLORATORY_E02_NEW_REGISTRY
v3_internal,fuzzy_minus_full_legacy_ap,37,13,-0.009318179514197436,-0.025931921330936032,0.006509297608529997,EXPLORATORY_E02_NEW_REGISTRY
v3_internal,fuzzy_version_effect,37,13,0.0,0.0,0.0,EXPLORATORY_E02_NEW_REGISTRY
v3_internal,reduced_version_effect,37,13,0.0,0.0,0.0,EXPLORATORY_E02_NEW_REGISTRY
v4_adaptive,fuzzy_minus_reduced,52,4,-0.0013772796342466326,-0.0048818818384674025,0.002144212616523293,EXPLORATORY_E02_NEW_REGISTRY
v4_adaptive,fuzzy_minus_epss,52,4,-0.001682328640095484,-0.009288429004914112,0.005158298074619938,EXPLORATORY_E02_NEW_REGISTRY
v4_adaptive,fuzzy_minus_full_replayable,52,4,-0.0028160116312989365,-0.008874045720769093,0.0014628528240660781,EXPLORATORY_E02_NEW_REGISTRY
v4_adaptive,fuzzy_minus_full_legacy_ap,52,4,-0.0028160116312989365,-0.008874045720769093,0.0014628528240660781,EXPLORATORY_E02_NEW_REGISTRY
v4_adaptive,fuzzy_version_effect,52,4,0.0016896009589111064,-0.00446485071036259,0.00841323517015685,EXPLORATORY_E02_NEW_REGISTRY
v4_adaptive,reduced_version_effect,52,4,0.0005706489782742944,-0.003692231200469067,0.006045851229465262,EXPLORATORY_E02_NEW_REGISTRY
v4_adaptive,fuzzy_minus_reduced,52,5,-0.0013772796342466326,-0.004951657562004594,0.002033332356978759,EXPLORATORY_E02_NEW_REGISTRY
v4_adaptive,fuzzy_minus_epss,52,5,-0.001682328640095484,-0.009540324036795712,0.005373725824968881,EXPLORATORY_E02_NEW_REGISTRY
v4_adaptive,fuzzy_minus_full_replayable,52,5,-0.0028160116312989365,-0.009130920901956347,0.0015038200401682278,EXPLORATORY_E02_NEW_REGISTRY
v4_adaptive,fuzzy_minus_full_legacy_ap,52,5,-0.0028160116312989365,-0.009130920901956347,0.0015038200401682278,EXPLORATORY_E02_NEW_REGISTRY
v4_adaptive,fuzzy_version_effect,52,5,0.0016896009589111064,-0.004297238774917425,0.008322678303618406,EXPLORATORY_E02_NEW_REGISTRY
v4_adaptive,reduced_version_effect,52,5,0.0005706489782742944,-0.0037858837186872728,0.0059987170789656185,EXPLORATORY_E02_NEW_REGISTRY
v4_adaptive,fuzzy_minus_reduced,52,8,-0.0013772796342466326,-0.00463186871098637,0.0016695270175228886,EXPLORATORY_E02_NEW_REGISTRY
v4_adaptive,fuzzy_minus_epss,52,8,-0.001682328640095484,-0.010027927549050502,0.005759169509063683,EXPLORATORY_E02_NEW_REGISTRY
v4_adaptive,fuzzy_minus_full_replayable,52,8,-0.0028160116312989365,-0.00953663675515872,0.001349655304554151,EXPLORATORY_E02_NEW_REGISTRY
v4_adaptive,fuzzy_minus_full_legacy_ap,52,8,-0.0028160116312989365,-0.00953663675515872,0.001349655304554151,EXPLORATORY_E02_NEW_REGISTRY
v4_adaptive,fuzzy_version_effect,52,8,0.0016896009589111064,-0.004069301327093328,0.00799945130427709,EXPLORATORY_E02_NEW_REGISTRY
v4_adaptive,reduced_version_effect,52,8,0.0005706489782742944,-0.0037621442775545148,0.006164302523042951,EXPLORATORY_E02_NEW_REGISTRY
v4_adaptive,fuzzy_minus_reduced,52,13,-0.0013772796342466326,-0.004446230198039703,0.0017885358947686762,EXPLORATORY_E02_NEW_REGISTRY
v4_adaptive,fuzzy_minus_epss,52,13,-0.001682328640095484,-0.010684353395089934,0.007144747853274109,EXPLORATORY_E02_NEW_REGISTRY
v4_adaptive,fuzzy_minus_full_replayable,52,13,-0.0028160116312989365,-0.009376918133514519,0.0014899006271737328,EXPLORATORY_E02_NEW_REGISTRY
v4_adaptive,fuzzy_minus_full_legacy_ap,52,13,-0.0028160116312989365,-0.009376918133514519,0.0014899006271737328,EXPLORATORY_E02_NEW_REGISTRY
v4_adaptive,fuzzy_version_effect,52,13,0.0016896009589111064,-0.004204814563576751,0.007731573158193834,EXPLORATORY_E02_NEW_REGISTRY
v4_adaptive,reduced_version_effect,52,13,0.0005706489782742944,-0.003737930071094318,0.006202639530099813,EXPLORATORY_E02_NEW_REGISTRY
v4_transport,fuzzy_minus_reduced,13,4,-0.0004884206763329376,-0.0008768546965688858,-2.251121961419068e-05,EXPLORATORY_E02_NEW_REGISTRY
v4_transport,fuzzy_minus_epss,13,4,0.004226184308463254,-0.01215885598803999,0.023898004394670873,EXPLORATORY_E02_NEW_REGISTRY
v4_transport,fuzzy_minus_full_replayable,13,4,0.005485100468824438,-0.0033424266754212787,0.019118363044369105,EXPLORATORY_E02_NEW_REGISTRY
v4_transport,fuzzy_minus_full_legacy_ap,13,4,0.005485100468824438,-0.0033424266754212787,0.019118363044369105,EXPLORATORY_E02_NEW_REGISTRY
v4_transport,fuzzy_version_effect,13,4,-4.5716579024794766e-05,-0.0001371497370743843,0.0,EXPLORATORY_E02_NEW_REGISTRY
v4_transport,reduced_version_effect,13,4,-3.694830095936923e-05,-0.00011084490287810768,0.0,EXPLORATORY_E02_NEW_REGISTRY
v4_transport,fuzzy_minus_reduced,13,5,-0.0004884206763329376,-0.0008809245491792461,-7.237651914306778e-05,EXPLORATORY_E02_NEW_REGISTRY
v4_transport,fuzzy_minus_epss,13,5,0.004226184308463254,-0.012143926582207108,0.024079617324202718,EXPLORATORY_E02_NEW_REGISTRY
v4_transport,fuzzy_minus_full_replayable,13,5,0.005485100468824438,-0.0031460994441890556,0.01803276062652312,EXPLORATORY_E02_NEW_REGISTRY
v4_transport,fuzzy_minus_full_legacy_ap,13,5,0.005485100468824438,-0.0031460994441890556,0.01803276062652312,EXPLORATORY_E02_NEW_REGISTRY
v4_transport,fuzzy_version_effect,13,5,-4.5716579024794766e-05,-0.0001371497370743843,0.0,EXPLORATORY_E02_NEW_REGISTRY
v4_transport,reduced_version_effect,13,5,-3.694830095936923e-05,-0.00011084490287810768,0.0,EXPLORATORY_E02_NEW_REGISTRY
v4_transport,fuzzy_minus_reduced,13,8,-0.0004884206763329376,-0.0008809245491792462,-0.00011794376749028303,EXPLORATORY_E02_NEW_REGISTRY
v4_transport,fuzzy_minus_epss,13,8,0.004226184308463254,-0.008313673990015945,0.016766042606942456,EXPLORATORY_E02_NEW_REGISTRY
v4_transport,fuzzy_minus_full_replayable,13,8,0.005485100468824438,-0.0026543090910992233,0.013607245196343666,EXPLORATORY_E02_NEW_REGISTRY
v4_transport,fuzzy_minus_full_legacy_ap,13,8,0.005485100468824438,-0.0026543090910992233,0.013607245196343666,EXPLORATORY_E02_NEW_REGISTRY
v4_transport,fuzzy_version_effect,13,8,-4.5716579024794766e-05,-9.143315804958953e-05,0.0,EXPLORATORY_E02_NEW_REGISTRY
v4_transport,reduced_version_effect,13,8,-3.694830095936923e-05,-7.389660191873846e-05,0.0,EXPLORATORY_E02_NEW_REGISTRY
v4_transport,fuzzy_minus_reduced,13,13,-0.0004884206763329376,,,UNINFORMATIVE_BLOCK_LENGTH
v4_transport,fuzzy_minus_epss,13,13,0.004226184308463254,,,UNINFORMATIVE_BLOCK_LENGTH
v4_transport,fuzzy_minus_full_replayable,13,13,0.005485100468824438,,,UNINFORMATIVE_BLOCK_LENGTH
v4_transport,fuzzy_minus_full_legacy_ap,13,13,0.005485100468824438,,,UNINFORMATIVE_BLOCK_LENGTH
v4_transport,fuzzy_version_effect,13,13,-4.5716579024794766e-05,,,UNINFORMATIVE_BLOCK_LENGTH
v4_transport,reduced_version_effect,13,13,-3.694830095936923e-05,,,UNINFORMATIVE_BLOCK_LENGTH
