fold_id,family,date,candidates,events,epss_ap_replay,epss_ap_legacy,full_logistic_ap_replayable,full_logistic_ap_legacy,full_difference_replay_minus_legacy,full_status,status
F01,v3_internal,2024-07-02,251073,7,0.0001869416538113,0.0001869416538113,0.0088755793158117,0.0088755793158117,3.122502256758253e-17,PASS,PASS
F01,v3_internal,2024-07-09,251481,10,0.0002841142543111,0.0002841142543111,0.0394984591336653,0.0394984591336653,6.245004513516506e-17,PASS,PASS
F01,v3_internal,2024-07-16,252455,11,0.0002860285883562,0.0002860285883562,0.044878113672091,0.0448781136720909,9.714451465470121e-17,PASS,PASS
F01,v3_internal,2024-07-23,253197,11,0.000253714559415,0.000253714559415,0.0004031469951442,0.0004031469951442,1.7184604433895245e-17,PASS,PASS
F01,v3_internal,2024-07-30,253870,8,0.0003314705056155,0.0003314705056155,0.0002668124851575,0.0002668124851575,6.722053469410126e-17,PASS,PASS
F01,v3_internal,2024-08-06,254396,10,0.0002400811220524,0.0002400811220524,0.0002421794704276,0.0002421794704276,2.0057740190981832e-17,PASS,PASS
F01,v3_internal,2024-08-13,255042,10,0.0005314526296167,0.0005314526296167,0.00046952610572,0.00046952610572,6.705790436822845e-17,PASS,PASS
F01,v3_internal,2024-08-20,255886,18,0.0018372384635652,0.0018372384635652,0.000870230171554,0.000870230171554,8.803721640582296e-17,PASS,PASS
F01,v3_internal,2024-08-27,256587,16,0.0018128721619717,0.0018128721619717,0.0010143028788633,0.0010143028788633,1.9732479539236178e-17,PASS,PASS
F01,v3_internal,2024-09-03,257032,17,0.0017407297412746,0.0017407297412746,0.0008505851582545,0.0008505851582545,7.795413620170777e-17,PASS,PASS
F01,v3_internal,2024-09-10,257563,15,0.001768774695486,0.001768774695486,0.0069391095837849,0.0069391095837849,2.6020852139652106e-18,PASS,PASS
F01,v3_internal,2024-09-17,258387,13,0.0010431911762946,0.0010431911762946,0.0800765598595317,0.0800765598595317,6.938893903907227e-17,PASS,PASS
F01,v3_internal,2024-09-24,258934,10,9.89399633877392e-05,9.893996338773918e-05,0.1000576776362629,0.1000576776362629,8.326672684688674e-17,PASS,PASS
F02,v3_internal,2024-10-01,259487,7,0.0001077955577132,0.0001077955577132,0.1429225575939779,0.1429225575939779,8.326672684688674e-17,PASS,PASS
F02,v3_internal,2024-10-08,260114,10,0.0015038932795809,0.0015038932795809,0.0204946337433699,0.0204946337433699,4.163336342344337e-17,PASS,PASS
F02,v3_internal,2024-10-15,260834,12,0.0014298995879859,0.0014298995879859,0.0007692184626956,0.0007692184626956,3.436920886779049e-17,PASS,PASS
F02,v3_internal,2024-10-22,261970,13,0.0015451188074244,0.0015451188074244,0.0705611880382084,0.0705611880382084,5.551115123125783e-17,PASS,PASS
F02,v3_internal,2024-10-29,262703,13,0.0015383367597667,0.0015383367597667,0.0150513877627423,0.0150513877627423,8.326672684688674e-17,PASS,PASS
F02,v3_internal,2024-11-05,263468,14,0.0014642224520636,0.0014642224520636,0.015434551006698,0.015434551006698,7.45931094670027e-17,PASS,PASS
F02,v3_internal,2024-11-12,264372,8,0.0001470005482509,0.0001470005482509,0.2501077556359471,0.2501077556359471,5.551115123125783e-17,PASS,PASS
F02,v3_internal,2024-11-19,265556,13,9.02986381585849e-05,9.029863815858492e-05,0.000228040562382,0.000228040562382,4.7162794503119437e-17,PASS,PASS
F02,v3_internal,2024-11-26,266687,10,9.452667380143114e-05,9.452667380143116e-05,0.0001485765775183,0.0001485765775183,2.9707139526102815e-17,PASS,PASS
F02,v3_internal,2024-12-03,267309,9,9.869989646950582e-05,9.86998964695058e-05,0.0001063416049568,0.0001063416049568,3.304106120649575e-17,PASS,PASS
F02,v3_internal,2024-12-10,268140,10,0.0027632325693839,0.0027632325693839,0.0005149855980491,0.0005149855980491,5.800481622797449e-17,PASS,PASS
F02,v3_internal,2024-12-17,269329,10,0.0003405739938089,0.0003405739938089,0.0005471236740265,0.0005471236740265,6.700369425960416e-17,PASS,PASS
F02,v3_internal,2024-12-24,269813,6,0.0003646274731474,0.0003646274731474,0.0001514238950346,0.0001514238950346,6.993104012531505e-18,PASS,PASS
F03,v3_internal,2024-12-31,270425,6,0.0003652264404582,0.0003652264404582,0.0003607027386428,0.0003607027386428,6.272109567828643e-17,PASS,PASS
F03,v3_internal,2025-01-07,271057,12,7.437900526695366e-05,7.437900526695366e-05,0.000115080834633,0.000115080834633,5.69070615283329e-17,PASS,PASS
F03,v3_internal,2025-01-14,272119,12,9.621821705414696e-05,9.621821705414696e-05,0.0834275004055282,0.0834275004055282,6.938893903907227e-17,PASS,PASS
F03,v3_internal,2025-01-21,273261,14,8.745243118426528e-05,8.745243118426528e-05,0.0717430341555367,0.0717430341555367,5.551115123125783e-17,PASS,PASS
F03,v3_internal,2025-01-28,274363,19,0.0001454723406932,0.0001454723406932,0.000550359296754,0.0005504560627005,-9.676594649513353e-08,PREDECLARED_LINEAGE_EXCEPTION,PASS
F03,v3_internal,2025-02-04,275040,20,0.0001292055265156,0.0001292055265156,0.000309449113831,0.000309449113831,2.7972416050126014e-17,PASS,PASS
F03,v3_internal,2025-02-11,275626,20,0.0001223442505925,0.0001223442505925,0.0008512492184683,0.0008512492184683,2.688821387764051e-17,PASS,PASS
F03,v3_internal,2025-02-18,277088,19,0.0001302261677748,0.0001302261677748,0.0004966923342028,0.0004966923342028,9.996344030316351e-17,PASS,PASS
F03,v3_internal,2025-02-25,277609,15,8.443939861920981e-05,8.443939861920981e-05,0.0002176707168175,0.0002176707168175,9.221139476989215e-17,PASS,PASS
F03,v3_internal,2025-03-04,279490,10,6.785434389237537e-05,6.785434389237537e-05,8.992964644646064e-05,8.992964644646064e-05,0.0,PASS,PASS
F03,v3_internal,2025-03-11,280154,10,6.59262597553679e-05,6.59262597553679e-05,0.0016460307953348,0.0016460307953348,7.719519468096792e-17,PASS,PASS
F04,v4_transport,2025-03-18,269374,11,0.0001933100746318,0.0001933100746318,0.0001155658308326,0.0001155658308326,5.647338065933871e-17,PASS,PASS
F04,v4_transport,2025-03-25,270297,8,0.0003193990169937,0.0003193990169937,6.261226081402435e-05,6.261226081402435e-05,0.0,PASS,PASS
F04,v4_transport,2025-04-01,271554,6,9.208314755244344e-05,9.208314755244344e-05,0.0001961439161764,0.0001961439161764,1.7320129705455933e-17,PASS,PASS
F04,v4_transport,2025-04-08,272734,10,8.685636257574899e-05,8.685636257574899e-05,0.0009092050520666,0.0009092050520666,7.047314121155779e-18,PASS,PASS
F04,v4_transport,2025-04-15,273536,10,0.0002097836806966,0.0002097836806966,0.0002777015357819,0.0002777015357819,2.439454888092385e-18,PASS,PASS
F04,v4_transport,2025-04-22,274708,12,0.0001765804648133,0.0001765804648133,0.0164589652884774,0.0164589652884774,5.551115123125783e-17,PASS,PASS
F04,v4_transport,2025-04-29,275282,12,0.000196276971953,0.000196276971953,0.0172259536156667,0.0172259536156667,9.714451465470121e-17,PASS,PASS
F04,v4_transport,2025-05-06,276284,11,0.0009354246099921,0.0009354246099921,0.0015032029816177,0.0015032029816177,1.7997756063259374e-17,PASS,PASS
F04,v4_transport,2025-05-13,277155,15,0.0008350534040823,0.0008350534040823,0.0037271869354383,0.0037271869354383,4.336808689942019e-19,PASS,PASS
F04,v4_transport,2025-05-20,278315,11,0.0017409728518363,0.0017409728518363,0.0005556488499067,0.0005556488499067,8.153200337090992e-17,PASS,PASS
F04,v4_transport,2025-05-27,279057,13,0.0016361733619441,0.0016361733619441,0.0003566099738505,0.0003566099738505,1.680513367352532e-18,PASS,PASS
F04,v4_transport,2025-06-03,279580,11,0.0004076950968567,0.0004076950968567,0.002683462663588,0.002683462663588,4.81385764583564e-17,PASS,PASS
F04,v4_transport,2025-06-10,280514,11,0.0543536712972025,0.0543536712972025,0.0007451113522184,0.0007451113522184,5.247538514829842e-17,PASS,PASS
F05,v4_adaptive,2025-06-17,281305,9,0.0664678931305571,0.0664678931305571,0.000686547721847,0.000686547721847,8.695301423333746e-17,PASS,PASS
F05,v4_adaptive,2025-06-24,282344,12,0.0499183712761211,0.0499183712761211,0.0012789107254755,0.0012789107254755,2.623769257414921e-17,PASS,PASS
F05,v4_adaptive,2025-07-01,283081,10,0.0445873294176249,0.0445873294176249,0.0028888238523166,0.0028888238523166,8.716985466783456e-17,PASS,PASS
F05,v4_adaptive,2025-07-08,283903,8,0.00223882737133,0.00223882737133,0.0005908336595447,0.0005908336595447,3.827233668873831e-17,PASS,PASS
F05,v4_adaptive,2025-07-15,284861,11,0.0018105909650703,0.0018105909650703,0.0022914169656618,0.0022914169656618,8.543513119185775e-17,PASS,PASS
F05,v4_adaptive,2025-07-22,285750,8,0.0023865598706879,0.0023865598706879,0.0025318124879914,0.0025318124879914,3.9898639947466563e-17,PASS,PASS
F05,v4_adaptive,2025-07-29,286457,8,0.0024506686341015,0.0024506686341015,0.0003960874543088,0.0003960874543088,9.752398541507111e-17,PASS,PASS
F05,v4_adaptive,2025-08-05,287113,8,0.0002006514229125,0.0002006514229125,0.0003678810836289,0.0003678810836289,8.109832250191573e-17,PASS,PASS
F05,v4_adaptive,2025-08-12,287807,8,7.190444535591571e-05,7.190444535591571e-05,0.0022151049008405,0.0022151049008405,2.905661822261152e-17,PASS,PASS
F05,v4_adaptive,2025-08-19,288830,7,7.560230265493708e-05,7.560230265493708e-05,6.337337350521176e-05,6.337337350521176e-05,0.0,PASS,PASS
F05,v4_adaptive,2025-08-26,289758,4,4.333429213383319e-05,4.333429213383319e-05,3.92420058416266e-05,3.924200584162659e-05,6.776263578034403e-21,PASS,PASS
F05,v4_adaptive,2025-09-02,290538,10,0.0259642423195099,0.0259642423195099,0.0030952073837001,0.0030952073837001,8.760353553682876e-17,PASS,PASS
F05,v4_adaptive,2025-09-09,291561,15,0.0336895323915704,0.0336895323915704,0.0009842887722479,0.0009842887722479,9.215718466126788e-17,PASS,PASS
F06,v4_adaptive,2025-09-16,292715,18,0.0279971169862545,0.0279971169862545,0.0013658825727256,0.0013658825727256,2.7321894746634715e-17,PASS,PASS
F06,v4_adaptive,2025-09-23,293942,24,0.0212269692505876,0.0212269692505876,0.0059915308056986,0.0059915308056986,1.3010426069826053e-17,PASS,PASS
F06,v4_adaptive,2025-09-30,294680,25,0.022001607033447,0.022001607033447,0.001150370550377,0.001150370550377,7.242470512203171e-17,PASS,PASS
F06,v4_adaptive,2025-10-07,295574,14,0.014163424067854,0.014163424067854,0.0005144656297138,0.0005144656297138,5.876375774871434e-17,PASS,PASS
F06,v4_adaptive,2025-10-14,296429,15,0.001023213584471,0.001023213584471,0.0010582343498973,0.0010582343498973,4.7054374285870886e-17,PASS,PASS
F06,v4_adaptive,2025-10-21,297295,11,0.0013539008894621,0.0013539008894621,0.0092404493079727,0.0092404493079727,5.377642775528102e-17,PASS,PASS
F06,v4_adaptive,2025-10-28,298443,7,0.0020241725260458,0.0020241725260458,0.0022937008253766,0.0022937008253766,6.418476861114186e-17,PASS,PASS
F06,v4_adaptive,2025-11-04,299256,5,6.166067150256952e-05,6.166067150256952e-05,0.0002444171803369,0.0002444171803369,3.7947076036992655e-19,PASS,PASS
F06,v4_adaptive,2025-11-11,300062,7,9.261285220503232e-05,9.261285220503232e-05,0.0006721811232549,0.0006721811232549,2.5587171270657905e-17,PASS,PASS
F06,v4_adaptive,2025-11-18,300981,7,3.7990918703518e-05,3.7990918703518e-05,0.0013999187484017,0.0013999187484017,6.657001339060997e-17,PASS,PASS
F06,v4_adaptive,2025-11-25,301666,6,8.801317584712031e-05,8.801317584712031e-05,6.944504181331923e-05,6.944504181331922e-05,1.3552527156068804e-20,PASS,PASS
F06,v4_adaptive,2025-12-02,302193,6,0.0001104991185568,0.0001104991185568,0.0556545236688722,0.0556545236688722,0.0,PASS,PASS
F06,v4_adaptive,2025-12-09,303259,4,7.429686695606898e-05,7.429686695606898e-05,0.0002913888499022,0.0002913888499022,9.10187723801581e-17,PASS,PASS
F07,v4_adaptive,2025-12-16,304791,3,5.878670793121435e-05,5.878670793121435e-05,0.0010412129847473,0.0010412129847473,6.613633252161577e-17,PASS,PASS
F07,v4_adaptive,2025-12-23,305904,8,0.0001195735692348,0.0001195735692348,0.043600493797091,0.043600493797091,1.3877787807814457e-17,PASS,PASS
F07,v4_adaptive,2025-12-30,306897,10,0.0001794501723253,0.0001794501723253,0.0528625738961308,0.0528625738961308,2.775557561562892e-17,PASS,PASS
F07,v4_adaptive,2026-01-06,307817,14,0.0002104329372534,0.0002104329372534,0.0838118624398391,0.0838118624398391,5.551115123125783e-17,PASS,PASS
F07,v4_adaptive,2026-01-13,308671,12,0.0002052394231964,0.0002052394231964,0.021194749837346,0.021194749837346,4.510281037539698e-17,PASS,PASS
F07,v4_adaptive,2026-01-20,309842,16,0.0005385101117198,0.0005385101117198,0.0003903777176526,0.0003903777176526,1.3064636178450328e-17,PASS,PASS
F07,v4_adaptive,2026-01-27,311114,13,0.0008039803538445,0.0008039803538445,0.0007822428456131,0.0007822428456131,2.5153490401663706e-17,PASS,PASS
F07,v4_adaptive,2026-02-03,311992,17,0.0023845362279023,0.0023845362279023,0.002034405833318,0.002034405833318,3.816391647148976e-17,PASS,PASS
F07,v4_adaptive,2026-02-10,313176,19,0.0025268437710474,0.0025268437710475,0.064499372325098,0.064499372325098,5.551115123125783e-17,PASS,PASS
F07,v4_adaptive,2026-02-17,314180,17,0.0020116450715498,0.0020116450715498,0.007896970039738,0.007896970039738,1.5612511283791264e-17,PASS,PASS
F07,v4_adaptive,2026-02-24,315577,18,0.0017328049589546,0.0017328049589546,0.0003150778871916,0.0003150778871916,5.4697999601893705e-17,PASS,PASS
F07,v4_adaptive,2026-03-03,316574,18,0.0018437811217575,0.0018437811217575,0.0003016187162647,0.0003016187162647,8.966351966455122e-17,PASS,PASS
F07,v4_adaptive,2026-03-10,317940,12,0.0002004937266212,0.0002004937266212,0.0032431779829529,0.0032431779829529,4.2067044292437566e-17,PASS,PASS
F08,v4_adaptive,2026-03-17,319360,17,0.0002378486596355,0.0002378486596355,0.0002471947857241,0.0002471947857241,8.59772322781005e-17,PASS,PASS
F08,v4_adaptive,2026-03-24,320709,20,0.0002409643407214,0.0002409643407214,0.0004396241772489,0.0004396241772489,1.5449880957918438e-17,PASS,PASS
F08,v4_adaptive,2026-03-31,322346,22,0.0003718384016256,0.0003718384016256,0.0003535021523282,0.0003535021523282,1.6371452804531117e-17,PASS,PASS
F08,v4_adaptive,2026-04-07,323694,22,0.0003761935224066,0.0003761935224066,0.000359495052833,0.000359495052833,1.1221492485224972e-17,PASS,PASS
F08,v4_adaptive,2026-04-14,325277,15,0.0002121697898216,0.0002121697898216,0.0115051856517958,0.0115051856517958,8.673617379884035e-18,PASS,PASS
F08,v4_adaptive,2026-04-21,326375,14,0.0014833486020351,0.0014833486020351,0.0018035632448324,0.0018035632448324,5.919743861770854e-17,PASS,PASS
F08,v4_adaptive,2026-04-28,327871,7,0.0024076740568986,0.0024076740568986,0.0022329481670269,0.0022329481670269,2.3418766925686896e-17,PASS,PASS
F08,v4_adaptive,2026-05-05,328957,8,0.0026101747282469,0.0026101747282469,0.0023498033089039,0.0023498033089039,8.673617379884035e-18,PASS,PASS
F08,v4_adaptive,2026-05-12,330809,10,0.0020988428060097,0.0020988428060097,0.0020426694986379,0.0020426694986379,0.0,PASS,PASS
F08,v4_adaptive,2026-05-19,332405,12,0.0017430333707828,0.0017430333707828,0.0019137431818423,0.0019137431818423,2.688821387764051e-17,PASS,PASS
F08,v4_adaptive,2026-05-26,333397,10,0.0001124008036716,0.0001124008036716,0.0004413161904806,0.0004413161904806,5.605325231750058e-17,PASS,PASS
F08,v4_adaptive,2026-06-02,335675,7,1.4642806076816769e-05,1.4642806076816769e-05,0.0004655681173358,0.0004655681173358,5.009014036883032e-17,PASS,PASS
F08,v4_adaptive,2026-06-09,337254,7,1.5139591128563554e-05,1.5139591128563552e-05,0.0003480620832762,0.0003480620832762,8.863352760068999e-17,PASS,PASS
