fold_id,fold_family,negative_sample_rate,primary_negative_sample_rate,feature,standardization_mean,standardization_scale,standardized_log_odds_coefficient
F01,v3_internal,0.0025,0.005,logit_epss_current,-5.926840686473834,2.071283572806857,0.06719719512659363
F01,v3_internal,0.0025,0.005,percentile_current,0.5021221115954143,0.2856572438303586,-0.04230565831873907
F01,v3_internal,0.0025,0.005,delta_logit_1w,0.003061068314428069,0.1141571819324007,0.06608295047968676
F01,v3_internal,0.0025,0.005,delta_logit_4w,0.009518919239156022,0.17474867158419752,0.0895595465182096
F01,v3_internal,0.0025,0.005,epss_max_4w,0.03607292213995701,0.14702348044241975,0.17026758485169138
F01,v3_internal,0.0025,0.005,epss_range_4w,0.0011818285765464495,0.016051192794157954,0.10185502701143748
F01,v3_internal,0.0025,0.005,missing_lag_1w,0.0050453785526630044,0.07085141288586512,0.12616790146681459
F01,v3_internal,0.0025,0.005,missing_lag_4w,0.016360162407451636,0.12685624735681503,0.1369194700326401
F01,v3_internal,0.0025,0.005,INTERCEPT,,,-9.137593088531382
F01,v3_internal,0.005,0.005,logit_epss_current,-5.939329943696289,2.058378168360176,0.08531976365515853
F01,v3_internal,0.005,0.005,percentile_current,0.5004057803025754,0.28596199288178187,-0.07870657171948167
F01,v3_internal,0.005,0.005,delta_logit_1w,0.002846532729716381,0.09874704305690392,-0.012489278157017305
F01,v3_internal,0.005,0.005,delta_logit_4w,0.009164266419911318,0.15592021407556778,0.09970659293643172
F01,v3_internal,0.005,0.005,epss_max_4w,0.03526619754457586,0.1453361986286406,0.23753636703441222
F01,v3_internal,0.005,0.005,epss_range_4w,0.0010308059674611237,0.014036445435831236,0.0690440361383878
F01,v3_internal,0.005,0.005,missing_lag_1w,0.00462268115506994,0.06783297114242087,0.01842091629313103
F01,v3_internal,0.005,0.005,missing_lag_4w,0.015939244761961936,0.1252405095740999,0.12464550037563928
F01,v3_internal,0.005,0.005,INTERCEPT,,,-9.9383919690973
F01,v3_internal,0.01,0.005,logit_epss_current,-5.942432365143893,2.052684854047004,0.054475862040897716
F01,v3_internal,0.01,0.005,percentile_current,0.5003054457740649,0.28570922959040856,-0.056185985161812196
F01,v3_internal,0.01,0.005,delta_logit_1w,0.002712960175810505,0.08551584233436203,0.01902830973779972
F01,v3_internal,0.01,0.005,delta_logit_4w,0.008918013789662409,0.15017109034053094,0.04408236982680472
F01,v3_internal,0.01,0.005,epss_max_4w,0.034983023481598555,0.14469324624129604,0.16109660358489686
F01,v3_internal,0.01,0.005,epss_range_4w,0.0009899112666516105,0.012956842694023904,0.056225160949786544
F01,v3_internal,0.01,0.005,missing_lag_1w,0.004116805900504252,0.06403013204485702,0.027624162319164598
F01,v3_internal,0.01,0.005,missing_lag_4w,0.015406035975013171,0.12316123590866475,0.08229476825570435
F01,v3_internal,0.01,0.005,INTERCEPT,,,-9.421597261095332
F02,v3_internal,0.0025,0.005,logit_epss_current,-5.949530166620524,2.0487532525988996,0.08771449375562045
F02,v3_internal,0.0025,0.005,percentile_current,0.5025659521757863,0.28531073866316187,-0.04062296879620181
F02,v3_internal,0.0025,0.005,delta_logit_1w,0.0035535790672738834,0.11580972047863752,0.04893498773256125
F02,v3_internal,0.0025,0.005,delta_logit_4w,0.010019528843516303,0.17410971397151065,0.08834588843723168
F02,v3_internal,0.0025,0.005,epss_max_4w,0.034887414189286224,0.1443852371671486,0.19001754037761354
F02,v3_internal,0.0025,0.005,epss_range_4w,0.001119526066350707,0.016081713411737794,0.0946147650460934
F02,v3_internal,0.0025,0.005,missing_lag_1w,0.005074441093398439,0.07105414232110657,0.11700558138859903
F02,v3_internal,0.0025,0.005,missing_lag_4w,0.01627650916750443,0.1265368895493507,0.18963935349516037
F02,v3_internal,0.0025,0.005,INTERCEPT,,,-9.580542464505712
F02,v3_internal,0.005,0.005,logit_epss_current,-5.965000438952029,2.031313319261881,0.11667292582956387
F02,v3_internal,0.005,0.005,percentile_current,0.5005692793518374,0.2855029904697159,-0.06890615489306832
F02,v3_internal,0.005,0.005,delta_logit_1w,0.0030557857065507013,0.09725749616770857,-0.016032332291693006
F02,v3_internal,0.005,0.005,delta_logit_4w,0.009208111293419783,0.15263446168824477,0.0666307127223224
F02,v3_internal,0.005,0.005,epss_max_4w,0.03383733318106962,0.14195351351674376,0.2578084791119166
F02,v3_internal,0.005,0.005,epss_range_4w,0.0009567839498010517,0.013741269924058004,0.06340299643270692
F02,v3_internal,0.005,0.005,missing_lag_1w,0.0044477034223274715,0.06654262811607674,-0.03993141784974701
F02,v3_internal,0.005,0.005,missing_lag_4w,0.01556696197814615,0.12379269636338447,0.17726269892104898
F02,v3_internal,0.005,0.005,INTERCEPT,,,-10.289632503779695
F02,v3_internal,0.01,0.005,logit_epss_current,-5.9658489157236065,2.0299907998428526,0.09382909026068345
F02,v3_internal,0.01,0.005,percentile_current,0.5004278645597922,0.28555421762806926,-0.049658564316934994
F02,v3_internal,0.01,0.005,delta_logit_1w,0.002833744049337625,0.083713058864732,0.037720677555028136
F02,v3_internal,0.01,0.005,delta_logit_4w,0.008867633527288291,0.14478580663079738,0.009707329510341974
F02,v3_internal,0.01,0.005,epss_max_4w,0.03378342596108068,0.14173635529319922,0.20459848791326918
F02,v3_internal,0.01,0.005,epss_range_4w,0.0009227047663816079,0.012466919372532309,0.040397893298034095
F02,v3_internal,0.01,0.005,missing_lag_1w,0.00398956205215358,0.06303685784353148,0.1104256792315701
F02,v3_internal,0.01,0.005,missing_lag_4w,0.014969897488745457,0.12143228424896696,0.23105022631957126
F02,v3_internal,0.01,0.005,INTERCEPT,,,-9.60176901788337
F03,v3_internal,0.0025,0.005,logit_epss_current,-5.963832986493512,2.0474539511001377,0.08680051817743983
F03,v3_internal,0.0025,0.005,percentile_current,0.5025078157409427,0.2854176134312298,-0.03895239903969596
F03,v3_internal,0.0025,0.005,delta_logit_1w,0.004150171539320066,0.13495500541881816,0.04225775544359332
F03,v3_internal,0.0025,0.005,delta_logit_4w,0.01150187841127495,0.19420211033851237,0.11445485051223651
F03,v3_internal,0.0025,0.005,epss_max_4w,0.03475164349878047,0.1446305181504489,0.20615986915752071
F03,v3_internal,0.0025,0.005,epss_range_4w,0.001220574471038486,0.019516488896262105,0.11860518138867955
F03,v3_internal,0.0025,0.005,missing_lag_1w,0.004778996212496778,0.06896489982373438,0.1081421258802437
F03,v3_internal,0.0025,0.005,missing_lag_4w,0.0157647385432985,0.12456408616435131,0.22645080911475965
F03,v3_internal,0.0025,0.005,INTERCEPT,,,-9.6759048246773
F03,v3_internal,0.005,0.005,logit_epss_current,-5.977590003908189,2.0259759526575825,0.12559389354763098
F03,v3_internal,0.005,0.005,percentile_current,0.5011391153551418,0.28546855154971224,-0.059361488595088996
F03,v3_internal,0.005,0.005,delta_logit_1w,0.0033304181282259177,0.10815275251469192,0.003925898320862558
F03,v3_internal,0.005,0.005,delta_logit_4w,0.010263132805376489,0.1636320034704242,-0.008982202208174653
F03,v3_internal,0.005,0.005,epss_max_4w,0.03356772822722704,0.1414113347875778,0.2789689507180968
F03,v3_internal,0.005,0.005,epss_range_4w,0.0009999676555766724,0.01586331073476872,0.013201619586607427
F03,v3_internal,0.005,0.005,missing_lag_1w,0.004140086185447995,0.06421016953586915,0.08089501042730092
F03,v3_internal,0.005,0.005,missing_lag_4w,0.014818721947432847,0.12082684895037824,0.26781227624266696
F03,v3_internal,0.005,0.005,INTERCEPT,,,-10.559486060827469
F03,v3_internal,0.01,0.005,logit_epss_current,-5.982930703087397,2.017996470171853,0.05496710620875402
F03,v3_internal,0.01,0.005,percentile_current,0.5005496804733729,0.2854027146058635,-0.011589105169264471
F03,v3_internal,0.01,0.005,delta_logit_1w,0.0029977573859590063,0.08977353380451247,-0.010630274310368587
F03,v3_internal,0.01,0.005,delta_logit_4w,0.009533609531771504,0.14978487609421617,-0.05880170327575769
F03,v3_internal,0.01,0.005,epss_max_4w,0.033190915437045915,0.1402656596090807,0.10464523183009064
F03,v3_internal,0.01,0.005,epss_range_4w,0.0009238544428632025,0.013484099775425739,-0.2182731104473634
F03,v3_internal,0.01,0.005,missing_lag_1w,0.0037200709060494844,0.060878830298416946,0.06596629647261484
F03,v3_internal,0.01,0.005,missing_lag_4w,0.014271090804683794,0.118606183531586,0.14815298300600577
F03,v3_internal,0.01,0.005,INTERCEPT,,,-9.447423055411916
F04,v4_transport,0.0025,0.005,logit_epss_current,-5.981896088130826,2.031067097945148,0.06480761557505633
F04,v4_transport,0.0025,0.005,percentile_current,0.5018655192960099,0.2850915909075912,-0.012285697896681703
F04,v4_transport,0.0025,0.005,delta_logit_1w,0.004566435583359544,0.1417070274134454,-0.07188583299101126
F04,v4_transport,0.0025,0.005,delta_logit_4w,0.013414001064419718,0.2119821626139351,0.031194749915061888
F04,v4_transport,0.0025,0.005,epss_max_4w,0.03398543680793539,0.14246264450727286,0.12051801833059542
F04,v4_transport,0.0025,0.005,epss_range_4w,0.0014388627322667819,0.020489709233882585,-0.010042920513052112
F04,v4_transport,0.0025,0.005,missing_lag_1w,0.004701303621553669,0.06840468818591046,0.044652341497187775
F04,v4_transport,0.0025,0.005,missing_lag_4w,0.015791558318552067,0.12466829991791754,0.14584771219544532
F04,v4_transport,0.0025,0.005,INTERCEPT,,,-9.03048172236508
F04,v4_transport,0.005,0.005,logit_epss_current,-5.9917638176173575,2.0121410259552754,0.05628254443099069
F04,v4_transport,0.005,0.005,percentile_current,0.5010615019841614,0.28517418991903415,0.0028284652774272674
F04,v4_transport,0.005,0.005,delta_logit_1w,0.003696565717008522,0.11984408331466975,-0.05802702926942285
F04,v4_transport,0.005,0.005,delta_logit_4w,0.012049620761593447,0.18977412490137802,-0.01952568124690164
F04,v4_transport,0.005,0.005,epss_max_4w,0.03299455975878144,0.13963431697201142,0.0829753895289944
F04,v4_transport,0.005,0.005,epss_range_4w,0.0012780533557453994,0.018098883064628955,-0.24031813844364106
F04,v4_transport,0.005,0.005,missing_lag_1w,0.004080960715337827,0.06375191350051933,0.035784413908960845
F04,v4_transport,0.005,0.005,missing_lag_4w,0.014842220181260506,0.12092116721795027,0.10827778388443851
F04,v4_transport,0.005,0.005,INTERCEPT,,,-8.94906091625549
F04,v4_transport,0.01,0.005,logit_epss_current,-5.99630099851821,2.0061059129177496,0.06876861464481823
F04,v4_transport,0.01,0.005,percentile_current,0.5004954942347963,0.28512322467080337,0.0071511325751119036
F04,v4_transport,0.01,0.005,delta_logit_1w,0.003420673727178807,0.10241256188348379,-0.11337282928412137
F04,v4_transport,0.01,0.005,delta_logit_4w,0.011419787251314146,0.17811464957970832,-0.06124735485627045
F04,v4_transport,0.01,0.005,epss_max_4w,0.03270518494704006,0.13879251187266745,0.10045114190817493
F04,v4_transport,0.01,0.005,epss_range_4w,0.001187726546004323,0.015855307171941755,-0.340926663654867
F04,v4_transport,0.01,0.005,missing_lag_1w,0.003671135749476483,0.06047857894978518,0.08543356377444895
F04,v4_transport,0.01,0.005,missing_lag_4w,0.014306568074587052,0.11875137971625532,0.16415762769761716
F04,v4_transport,0.01,0.005,INTERCEPT,,,-9.404147756790287
F05,v4_adaptive,0.0025,0.005,logit_epss_current,-5.94900165316374,2.036761489946681,0.0925889570117603
F05,v4_adaptive,0.0025,0.005,percentile_current,0.5015096616019004,0.2853222533832999,-0.01808915380328713
F05,v4_adaptive,0.0025,0.005,delta_logit_1w,0.009824326276127742,0.21874456699622946,0.01818443524500145
F05,v4_adaptive,0.0025,0.005,delta_logit_4w,0.03347954885083722,0.37636235623168296,0.004133894040058237
F05,v4_adaptive,0.0025,0.005,epss_max_4w,0.034425240613748076,0.14137384096277858,0.1659107277723211
F05,v4_adaptive,0.0025,0.005,epss_range_4w,0.0025661506282401757,0.028297054467417104,0.03256307495826036
F05,v4_adaptive,0.0025,0.005,missing_lag_1w,0.0048705421839750195,0.0696191065930118,0.08391874879793472
F05,v4_adaptive,0.0025,0.005,missing_lag_4w,0.01638952385221042,0.1269681352155266,0.24775213403151358
F05,v4_adaptive,0.0025,0.005,INTERCEPT,,,-9.530590782187462
F05,v4_adaptive,0.005,0.005,logit_epss_current,-5.958590495423553,2.015747322965637,0.08238950978421039
F05,v4_adaptive,0.005,0.005,percentile_current,0.5008790436741898,0.28512485310144176,-0.027057035177484128
F05,v4_adaptive,0.005,0.005,delta_logit_1w,0.008640865777380683,0.20175285099657328,0.0211632018641488
F05,v4_adaptive,0.005,0.005,delta_logit_4w,0.03114272255243431,0.3647564157438387,-0.003751582557913101
F05,v4_adaptive,0.005,0.005,epss_max_4w,0.033384462878816336,0.13837431700595051,0.1658890822605643
F05,v4_adaptive,0.005,0.005,epss_range_4w,0.002413787825303236,0.02650508827878595,0.023695085520334204
F05,v4_adaptive,0.005,0.005,missing_lag_1w,0.004220962108978933,0.06483167117893458,0.06907642418035072
F05,v4_adaptive,0.005,0.005,missing_lag_4w,0.015036238687145593,0.1216969605753931,0.24104314372347968
F05,v4_adaptive,0.005,0.005,INTERCEPT,,,-9.542157480652142
F05,v4_adaptive,0.01,0.005,logit_epss_current,-5.962578996080161,2.0102669708705903,0.10611530871051922
F05,v4_adaptive,0.01,0.005,percentile_current,0.5004248589114034,0.28511075288208115,-0.04230889975698479
F05,v4_adaptive,0.01,0.005,delta_logit_1w,0.008545272403864242,0.19142055891854615,-0.00719749462902175
F05,v4_adaptive,0.01,0.005,delta_logit_4w,0.030594815203858216,0.3608672640158054,-0.023506834803071926
F05,v4_adaptive,0.01,0.005,epss_max_4w,0.03314784143289872,0.13759512876956645,0.22605317880244585
F05,v4_adaptive,0.01,0.005,epss_range_4w,0.002341295629433119,0.025368553919005377,0.015487507834150593
F05,v4_adaptive,0.01,0.005,missing_lag_1w,0.0037892043423453934,0.06143977761025298,-0.03755640905123114
F05,v4_adaptive,0.01,0.005,missing_lag_4w,0.014419295968090912,0.11921149219716826,0.328387419701096
F05,v4_adaptive,0.01,0.005,INTERCEPT,,,-9.988660083672404
F06,v4_adaptive,0.0025,0.005,logit_epss_current,-5.905570820141153,2.0466221448502764,0.09379879176941684
F06,v4_adaptive,0.0025,0.005,percentile_current,0.5017594190436241,0.2855704845754368,-0.018557286222383514
F06,v4_adaptive,0.0025,0.005,delta_logit_1w,0.00972418136076532,0.2112444107904755,0.011939977231973826
F06,v4_adaptive,0.0025,0.005,delta_logit_4w,0.0330694190415181,0.3615514380711772,0.006727204908174019
F06,v4_adaptive,0.0025,0.005,epss_max_4w,0.03465115299916108,0.13942203146517118,0.1833334783046882
F06,v4_adaptive,0.0025,0.005,epss_range_4w,0.002448693765729861,0.02697913553201465,0.02885356862011245
F06,v4_adaptive,0.0025,0.005,missing_lag_1w,0.0047320679530201346,0.06862707545792793,0.08367061079460973
F06,v4_adaptive,0.0025,0.005,missing_lag_4w,0.016306627516778523,0.12665196964835396,0.2525907031019547
F06,v4_adaptive,0.0025,0.005,INTERCEPT,,,-9.529702902038956
F06,v4_adaptive,0.005,0.005,logit_epss_current,-5.914323520161768,2.027835598771476,0.09338221709068792
F06,v4_adaptive,0.005,0.005,percentile_current,0.5011144674746996,0.2853990774742547,-0.02485627421266071
F06,v4_adaptive,0.005,0.005,delta_logit_1w,0.008454777581363874,0.19454692812309307,0.007556208138560859
F06,v4_adaptive,0.005,0.005,delta_logit_4w,0.030584240062381265,0.3512867548838336,-0.0026294679756833084
F06,v4_adaptive,0.005,0.005,epss_max_4w,0.03370799241975602,0.13650351729648955,0.19385478037260723
F06,v4_adaptive,0.005,0.005,epss_range_4w,0.0023059687841341233,0.02543178777799096,0.004495272450213417
F06,v4_adaptive,0.005,0.005,missing_lag_1w,0.004073065129561636,0.0636904645140227,0.0686900061444139
F06,v4_adaptive,0.005,0.005,missing_lag_4w,0.014759103530867122,0.12058719829995336,0.25468643097088967
F06,v4_adaptive,0.005,0.005,INTERCEPT,,,-9.62948135322133
F06,v4_adaptive,0.01,0.005,logit_epss_current,-5.9200467665725185,2.0234012733176683,0.1045629905945839
F06,v4_adaptive,0.01,0.005,percentile_current,0.500427206019857,0.28552323647078437,-0.04571647664884339
F06,v4_adaptive,0.01,0.005,delta_logit_1w,0.008440127071043793,0.18522497022621878,-0.0068452561406659035
F06,v4_adaptive,0.01,0.005,delta_logit_4w,0.03006508824771698,0.34790740933119574,-0.016219968658360576
F06,v4_adaptive,0.01,0.005,epss_max_4w,0.03348329063486032,0.13577275709461842,0.24519180354857129
F06,v4_adaptive,0.01,0.005,epss_range_4w,0.0022394528604232347,0.024328524949940578,0.016057796597848534
F06,v4_adaptive,0.01,0.005,missing_lag_1w,0.0037301967521847588,0.06096131875521353,-0.06408728750917703
F06,v4_adaptive,0.01,0.005,missing_lag_4w,0.014220342623032066,0.11839816079110199,0.325955944193696
F06,v4_adaptive,0.01,0.005,INTERCEPT,,,-9.977762814276824
F07,v4_adaptive,0.0025,0.005,logit_epss_current,-5.872672213369309,2.0559651131296857,0.08972942693605121
F07,v4_adaptive,0.0025,0.005,percentile_current,0.5017035852568875,0.28595466834829103,-0.021934087364153157
F07,v4_adaptive,0.0025,0.005,delta_logit_1w,0.009606047600336396,0.20697330987578108,0.013933558673459592
F07,v4_adaptive,0.0025,0.005,delta_logit_4w,0.03276597277770516,0.35343269205905564,0.02239917233660975
F07,v4_adaptive,0.0025,0.005,epss_max_4w,0.03487211176005213,0.13811078867776708,0.20800391024577314
F07,v4_adaptive,0.0025,0.005,epss_range_4w,0.0023538392358525635,0.025839779489074743,0.017544215295058382
F07,v4_adaptive,0.0025,0.005,missing_lag_1w,0.004677029039463887,0.06822869219637658,0.08826825567855001
F07,v4_adaptive,0.0025,0.005,missing_lag_4w,0.016113644825018616,0.12591264938627797,0.24949805662434232
F07,v4_adaptive,0.0025,0.005,INTERCEPT,,,-9.503890731021787
F07,v4_adaptive,0.005,0.005,logit_epss_current,-5.881054922648471,2.0363959795432307,0.07850491844517848
F07,v4_adaptive,0.005,0.005,percentile_current,0.5011708642617205,0.28576978009792625,-0.02829566017403106
F07,v4_adaptive,0.005,0.005,delta_logit_1w,0.008380452010895862,0.19056547970455537,0.03178276422465069
F07,v4_adaptive,0.005,0.005,delta_logit_4w,0.030163528224865295,0.34195953838923826,0.03404691222991719
F07,v4_adaptive,0.005,0.005,epss_max_4w,0.03383819973711114,0.13478626041857406,0.19886539599879927
F07,v4_adaptive,0.005,0.005,epss_range_4w,0.002221103841098286,0.02446337349287385,0.03208742249324401
F07,v4_adaptive,0.005,0.005,missing_lag_1w,0.003984226668613992,0.06299486174655118,0.03709100688456506
F07,v4_adaptive,0.005,0.005,missing_lag_4w,0.014634146341463415,0.12008325487893826,0.20736860852510647
F07,v4_adaptive,0.005,0.005,INTERCEPT,,,-9.528724185866613
F07,v4_adaptive,0.01,0.005,logit_epss_current,-5.886989750874272,2.0320543313165604,0.07350710781639984
F07,v4_adaptive,0.01,0.005,percentile_current,0.500442683280846,0.2859143370013014,-0.05505328387609571
F07,v4_adaptive,0.01,0.005,delta_logit_1w,0.008298783959599366,0.1809769681232813,0.02367182249372772
F07,v4_adaptive,0.01,0.005,delta_logit_4w,0.029590596493053838,0.3374278803461932,0.022666526399528587
F07,v4_adaptive,0.01,0.005,epss_max_4w,0.03359864705571878,0.1339655505066621,0.22954074746272807
F07,v4_adaptive,0.01,0.005,epss_range_4w,0.002148731885970308,0.02333206978100189,0.03892403951288066
F07,v4_adaptive,0.01,0.005,missing_lag_1w,0.0036741204689268517,0.06050306858091301,-0.11713188527231488
F07,v4_adaptive,0.01,0.005,missing_lag_4w,0.01412762363869878,0.11801709151229776,0.22135494125426147
F07,v4_adaptive,0.01,0.005,INTERCEPT,,,-9.744421958520025
F08,v4_adaptive,0.0025,0.005,logit_epss_current,-5.843558707597728,2.0632331094659286,0.09111113593848101
F08,v4_adaptive,0.0025,0.005,percentile_current,0.5019110805537877,0.28627117584870065,-0.01891593878748814
F08,v4_adaptive,0.0025,0.005,delta_logit_1w,0.00961929644545843,0.2149742390042785,0.02333643801618618
F08,v4_adaptive,0.0025,0.005,delta_logit_4w,0.03160415071410896,0.3505129764036681,0.011379605596957793
F08,v4_adaptive,0.0025,0.005,epss_max_4w,0.035176910870222955,0.13695035224448135,0.21259766565679544
F08,v4_adaptive,0.0025,0.005,epss_range_4w,0.002371978841719783,0.02538032412345516,0.024456183607181076
F08,v4_adaptive,0.0025,0.005,missing_lag_1w,0.004893113125854208,0.06977944231499562,0.092946060467129
F08,v4_adaptive,0.0025,0.005,missing_lag_4w,0.01624430093167378,0.12641370028171395,0.25863524914401415
F08,v4_adaptive,0.0025,0.005,INTERCEPT,,,-9.537279990786093
F08,v4_adaptive,0.005,0.005,logit_epss_current,-5.853529188096654,2.043449933726936,0.09006019226569298
F08,v4_adaptive,0.005,0.005,percentile_current,0.5010832882361869,0.2860916398845951,-0.02772108441515002
F08,v4_adaptive,0.005,0.005,delta_logit_1w,0.008448269652992656,0.2000944617840409,0.023046903918828687
F08,v4_adaptive,0.005,0.005,delta_logit_4w,0.02935857879892188,0.33970344369023914,0.015432309723959883
F08,v4_adaptive,0.005,0.005,epss_max_4w,0.03408575776290241,0.13349699187530922,0.22667711577376917
F08,v4_adaptive,0.005,0.005,epss_range_4w,0.002244735933092228,0.024026634810455097,0.009426244676034201
F08,v4_adaptive,0.005,0.005,missing_lag_1w,0.004145099414347696,0.06424887209276807,-0.05867700283795255
F08,v4_adaptive,0.005,0.005,missing_lag_4w,0.014795702076213306,0.12073437487428855,0.1796976050069406
F08,v4_adaptive,0.005,0.005,INTERCEPT,,,-9.831139503756088
F08,v4_adaptive,0.01,0.005,logit_epss_current,-5.860414393759296,2.037936312498659,0.09899255565495108
F08,v4_adaptive,0.01,0.005,percentile_current,0.5003098255112897,0.28617112598328126,-0.047730382705945644
F08,v4_adaptive,0.01,0.005,delta_logit_1w,0.008343655443148613,0.19286166758550188,0.0034519501421449716
F08,v4_adaptive,0.01,0.005,delta_logit_4w,0.028921466649033035,0.33633084199851493,-0.008824078418816786
F08,v4_adaptive,0.01,0.005,epss_max_4w,0.033758697192996276,0.1325317945713807,0.2784635964106305
F08,v4_adaptive,0.01,0.005,epss_range_4w,0.0021786076368365,0.02298422723084801,0.009421791501878538
F08,v4_adaptive,0.01,0.005,missing_lag_1w,0.003733039103650287,0.06098445312291407,-0.04708161802937216
F08,v4_adaptive,0.01,0.005,missing_lag_4w,0.014123024786223745,0.1179981565835308,0.32606212156368664
F08,v4_adaptive,0.01,0.005,INTERCEPT,,,-9.963397753203562
