fold_id,fold_family,negative_sample_rate,primary_negative_sample_rate,decision_date,expected_version_regime,epss_model_version,horizon_days,candidate_cves,future_kev_events,event_rate,epss_average_precision,model_average_precision,paired_ap_difference,epss_average_precision_lift,model_average_precision_lift,paired_ap_lift_difference,epss_rank_auc_secondary,model_rank_auc_secondary,model_brier_for_kev_event_target
F01,v3_internal,0.0025,0.005,2024-07-02,v2023.03.01,v2023.03.01,30,251073,7,2.7880337591059173e-05,0.00018694165381130497,0.021935867952050898,0.02174892629823959,6.705143121052253,786.7863106178964,780.0811674968442,0.6530479748637524,0.8512781499685341,3.85417465216929e-05
F01,v3_internal,0.005,0.005,2024-07-02,v2023.03.01,v2023.03.01,30,251073,7,2.7880337591059173e-05,0.00018694165381130497,0.00887557931581173,0.008688637662000426,6.705143121052253,318.3454750798284,311.64033195877613,0.6530479748637524,0.8404409312975188,3.300423454472058e-05
F01,v3_internal,0.01,0.005,2024-07-02,v2023.03.01,v2023.03.01,30,251073,7,2.7880337591059173e-05,0.00018694165381130497,0.01362432944055055,0.013437387786739245,6.705143121052253,488.6716093753355,481.9664662542832,0.6530479748637524,0.8474066580102443,2.818365276922279e-05
F01,v3_internal,0.0025,0.005,2024-07-09,v2023.03.01,v2023.03.01,30,251481,10,3.976443548419165e-05,0.00028411425431117533,0.02903150361308619,0.028747389358775015,7.144933678842868,730.0871560122528,722.94222233341,0.6889871993192058,0.9330727996468777,5.7708558307520966e-05
F01,v3_internal,0.005,0.005,2024-07-09,v2023.03.01,v2023.03.01,30,251481,10,3.976443548419165e-05,0.00028411425431117533,0.03949845913366536,0.039214344879354185,7.144933678842868,993.3112001393299,986.1662664604869,0.6889871993192058,0.9045299457989192,4.471677616041092e-05
F01,v3_internal,0.01,0.005,2024-07-09,v2023.03.01,v2023.03.01,30,251481,10,3.976443548419165e-05,0.00028411425431117533,0.038268038592541416,0.03798392433823024,7.144933678842868,962.3684613290908,955.2235276502478,0.6889871993192058,0.904545056885287,4.1341852600266974e-05
F01,v3_internal,0.0025,0.005,2024-07-16,v2023.03.01,v2023.03.01,30,252455,11,4.357212176427482e-05,0.00028602858835622037,0.10520312890067361,0.1049171003123174,6.564486115769965,2414.4596278745053,2407.8951417587355,0.5863764925002268,0.9473197295961949,5.491291590668998e-05
F01,v3_internal,0.005,0.005,2024-07-16,v2023.03.01,v2023.03.01,30,252455,11,4.357212176427482e-05,0.00028602858835622037,0.04487811367209099,0.04459208508373477,6.564486115769965,1029.9731079170665,1023.4086218012966,0.5863764925002268,0.9154462339802455,4.983320690354434e-05
F01,v3_internal,0.01,0.005,2024-07-16,v2023.03.01,v2023.03.01,30,252455,11,4.357212176427482e-05,0.00028602858835622037,0.04611300773676544,0.04582697914840922,6.564486115769965,1058.314488016829,1051.750001901059,0.5863764925002268,0.9099411426620629,4.2635518442238034e-05
F01,v3_internal,0.0025,0.005,2024-07-23,v2023.03.01,v2023.03.01,30,253197,11,4.344443259596283e-05,0.0002537145594150174,0.00039569566368008165,0.00014198110426506426,5.839978663654923,9.108086814255058,3.268108150600134,0.5913448108217961,0.8851579112158291,5.0513293849429993e-05
F01,v3_internal,0.005,0.005,2024-07-23,v2023.03.01,v2023.03.01,30,253197,11,4.344443259596283e-05,0.0002537145594150174,0.00040314699514421725,0.00014943243572919986,5.839978663654923,9.279600884502761,3.4396222208478378,0.5913448108217961,0.8682547792747409,4.820616981971616e-05
F01,v3_internal,0.01,0.005,2024-07-23,v2023.03.01,v2023.03.01,30,253197,11,4.344443259596283e-05,0.0002537145594150174,0.00040236841396004735,0.00014865385454502995,5.839978663654923,9.261679573585646,3.4217009099307227,0.5913448108217961,0.8631492980726351,4.362421703148038e-05
F01,v3_internal,0.0025,0.005,2024-07-30,v2023.03.01,v2023.03.01,30,253870,8,3.151219127900106e-05,0.0003314705056155672,0.00021828278765132118,-0.00011318771796424602,10.518802157578007,6.926931412630115,-3.591870744947893,0.7466527089521079,0.8498751290070984,3.967883002831568e-05
F01,v3_internal,0.005,0.005,2024-07-30,v2023.03.01,v2023.03.01,30,253870,8,3.151219127900106e-05,0.0003314705056155672,0.0002668124851575673,-6.465802045799992e-05,10.518802157578007,8.466960700868952,-2.051841456709055,0.7466527089521079,0.8292093735966785,3.6192142904752134e-05
F01,v3_internal,0.01,0.005,2024-07-30,v2023.03.01,v2023.03.01,30,253870,8,3.151219127900106e-05,0.0003314705056155672,0.0002588610420717573,-7.26094635438099e-05,10.518802157578007,8.21463159384463,-2.304170563733378,0.7466527089521079,0.8220460328840078,3.1688727757109206e-05
F01,v3_internal,0.0025,0.005,2024-08-06,v2023.03.01,v2023.03.01,30,254396,10,3.9308794163430246e-05,0.00024008112205243674,0.0004154431379787161,0.00017536201592627937,6.107567712565169,10.568707252923346,4.461139540358176,0.6835433160629909,0.7282043823166369,3.937611290345173e-05
F01,v3_internal,0.005,0.005,2024-08-06,v2023.03.01,v2023.03.01,30,254396,10,3.9308794163430246e-05,0.00024008112205243674,0.00024217947042762006,2.0983483751833214e-06,6.107567712565169,6.160948855890483,0.053381143325313615,0.6835433160629909,0.6999205931144009,3.931731150668407e-05
F01,v3_internal,0.01,0.005,2024-08-06,v2023.03.01,v2023.03.01,30,254396,10,3.9308794163430246e-05,0.00024008112205243674,0.00025285848538478023,1.277736333234349e-05,6.107567712565169,6.432618724794654,0.3250510122294854,0.6835433160629909,0.6957422971389935,3.93077745518434e-05
F01,v3_internal,0.0025,0.005,2024-08-13,v2023.03.01,v2023.03.01,30,255042,10,3.9209228283968914e-05,0.0005314526296167825,0.0004340028135383946,-9.744981607838791e-05,13.554274156272344,11.068894557045924,-2.485379599226421,0.7360597885755513,0.7803610919414035,3.923533372381291e-05
F01,v3_internal,0.005,0.005,2024-08-13,v2023.03.01,v2023.03.01,30,255042,10,3.9209228283968914e-05,0.0005314526296167825,0.000469526105720067,-6.192652389671552e-05,13.554274156272344,11.974887705505733,-1.579386450766612,0.7360597885755513,0.6782476316697512,3.920554943769081e-05
F01,v3_internal,0.01,0.005,2024-08-13,v2023.03.01,v2023.03.01,30,255042,10,3.9209228283968914e-05,0.0005314526296167825,0.0004580084421979307,-7.34441874188518e-05,13.554274156272344,11.681138911504464,-1.87313524476788,0.7360597885755513,0.6771093431412528,3.920667426506474e-05
F01,v3_internal,0.0025,0.005,2024-08-20,v2023.03.01,v2023.03.01,30,255886,18,7.034382498456344e-05,0.0018372384635652844,0.0006841779104561578,-0.0011530605531091267,26.11797786043702,9.726197155276912,-16.39178070516011,0.7649407550420964,0.8322807072396704,7.46049588694333e-05
F01,v3_internal,0.005,0.005,2024-08-20,v2023.03.01,v2023.03.01,30,255886,18,7.034382498456344e-05,0.0018372384635652844,0.0008702301715540881,-0.0009670082920111963,26.11797786043702,12.371095426571634,-13.746882433865387,0.7649407550420964,0.7532258386702866,7.033537163227972e-05
F01,v3_internal,0.01,0.005,2024-08-20,v2023.03.01,v2023.03.01,30,255886,18,7.034382498456344e-05,0.0018372384635652844,0.0008590689363800589,-0.0009781695271852255,26.11797786043702,12.212428547474875,-13.905549312962144,0.7649407550420964,0.744772695296012,7.035124566535718e-05
F01,v3_internal,0.0025,0.005,2024-08-27,v2023.03.01,v2023.03.01,30,256587,16,6.235701730796962e-05,0.0018128721619717382,0.0011561060053882197,-0.0006567661565835185,29.072464338990148,18.540110725284194,-10.532353613705954,0.6873028079946681,0.8787823351041232,7.558945081333498e-05
F01,v3_internal,0.005,0.005,2024-08-27,v2023.03.01,v2023.03.01,30,256587,16,6.235701730796962e-05,0.0018128721619717382,0.0010143028788633197,-0.0007985692831084185,29.072464338990148,16.26605829868141,-12.806406040308735,0.6873028079946681,0.8107599845656758,6.577187429994588e-05
F01,v3_internal,0.01,0.005,2024-08-27,v2023.03.01,v2023.03.01,30,256587,16,6.235701730796962e-05,0.0018128721619717382,0.0009830651066187993,-0.0008298070553529389,29.072464338990148,15.765107906999866,-13.307356431990284,0.6873028079946681,0.794808016104704,6.28177037019569e-05
F01,v3_internal,0.0025,0.005,2024-09-03,v2023.03.01,v2023.03.01,30,257032,17,6.613962463817735e-05,0.0017407297412746015,0.001099718627052738,-0.0006410111142218634,26.319014521134903,16.627228126389372,-9.69178639474553,0.6981298871317879,0.8088453294669229,8.490848754574479e-05
F01,v3_internal,0.005,0.005,2024-09-03,v2023.03.01,v2023.03.01,30,257032,17,6.613962463817735e-05,0.0017407297412746015,0.0008505851582545779,-0.0008901445830200236,26.319014521134903,12.860447317440627,-13.458567203694276,0.6981298871317879,0.7714970858876399,7.003809551542173e-05
F01,v3_internal,0.01,0.005,2024-09-03,v2023.03.01,v2023.03.01,30,257032,17,6.613962463817735e-05,0.0017407297412746015,0.0008810962077047562,-0.0008596335335698453,26.319014521134903,13.321760026986405,-12.997254494148498,0.6981298871317879,0.7507571656952958,6.687285537238175e-05
F01,v3_internal,0.0025,0.005,2024-09-10,v2023.03.01,v2023.03.01,30,257563,15,5.823817862037637e-05,0.0017687746954860354,0.07608945128666675,0.07432067659118072,30.37139445956465,1306.5218227831833,1276.1504283236186,0.8018263262252732,0.7775887730960184,6.695414325327283e-05
F01,v3_internal,0.005,0.005,2024-09-10,v2023.03.01,v2023.03.01,30,257563,15,5.823817862037637e-05,0.0017687746954860354,0.006939109583784902,0.005170334888298867,30.37139445956465,119.15052544855939,88.77913098899475,0.8018263262252732,0.7390411366683751,6.308640532563788e-05
F01,v3_internal,0.01,0.005,2024-09-10,v2023.03.01,v2023.03.01,30,257563,15,5.823817862037637e-05,0.0017687746954860354,0.07404776492174188,0.07227899022625585,30.37139445956465,1271.464298435907,1241.0929039763423,0.8018263262252732,0.7156790190566419,5.712394336791077e-05
F01,v3_internal,0.0025,0.005,2024-09-17,v2023.03.01,v2023.03.01,30,258387,13,5.031212870616556e-05,0.0010431911762946026,0.013138426117639379,0.012095234941344776,20.734387574556422,261.1383468660374,240.40395929148096,0.6591004631925932,0.6943448406037521,0.0001849369417927953
F01,v3_internal,0.005,0.005,2024-09-17,v2023.03.01,v2023.03.01,30,258387,13,5.031212870616556e-05,0.0010431911762946026,0.08007655985953177,0.07903336868323717,20.734387574556422,1591.5955440326795,1570.861156458123,0.6591004631925932,0.6477296477199718,6.109829143791403e-05
F01,v3_internal,0.01,0.005,2024-09-17,v2023.03.01,v2023.03.01,30,258387,13,5.031212870616556e-05,0.0010431911762946026,0.020200725117927684,0.01915753394163308,20.734387574556422,401.5080585419985,380.77367096744206,0.6591004631925932,0.6283102729436338,5.3322470944622725e-05
F01,v3_internal,0.0025,0.005,2024-09-24,v2023.03.01,v2023.03.01,30,258934,10,3.8619879969413055e-05,9.893996338773918e-05,0.10006352299863738,0.09996458303524965,2.561892047984086,2590.9848264129173,2588.422934364933,0.4606135391080008,0.4655209636804622,8.426082438057977e-05
F01,v3_internal,0.005,0.005,2024-09-24,v2023.03.01,v2023.03.01,30,258934,10,3.8619879969413055e-05,9.893996338773918e-05,0.10005767763626298,0.09995873767287525,2.561892047984086,2590.833470106812,2588.271578058828,0.4606135391080008,0.4736793422008002,5.924437636203386e-05
F01,v3_internal,0.01,0.005,2024-09-24,v2023.03.01,v2023.03.01,30,258934,10,3.8619879969413055e-05,9.893996338773918e-05,0.10005745547627853,0.0999585155128908,2.561892047984086,2590.8277176294705,2588.2658255814868,0.4606135391080008,0.47394930558774,3.7716966444455574e-05
F02,v3_internal,0.0025,0.005,2024-10-01,v2023.03.01,v2023.03.01,30,259487,7,2.697630324447853e-05,0.00010779555771322892,0.142933589439741,0.14282579388202776,3.995935126333233,5298.486903278582,5294.490968152249,0.34428444801691294,0.34341870554295406,4.7217091934826e-05
F02,v3_internal,0.005,0.005,2024-10-01,v2023.03.01,v2023.03.01,30,259487,7,2.697630324447853e-05,0.00010779555771322892,0.14292255759397798,0.14281476203626475,3.995935126333233,5298.077957484081,5294.0820223577475,0.34428444801691294,0.4575519170208549,2.7114198859088096e-05
F02,v3_internal,0.01,0.005,2024-10-01,v2023.03.01,v2023.03.01,30,259487,7,2.697630324447853e-05,0.00010779555771322892,0.04779504053956929,0.04768724498185606,3.995935126333233,1771.7416692130307,1767.7457340866974,0.34428444801691294,0.3867322557202317,2.689767291200143e-05
F02,v3_internal,0.0025,0.005,2024-10-08,v2023.03.01,v2023.03.01,30,260114,10,3.8444681947146254e-05,0.0015038932795809169,0.0206882821071749,0.019184388827593983,39.118369652491054,538.1311812025691,499.0128115500781,0.3978543198105373,0.5391370374926953,5.8997422420284134e-05
F02,v3_internal,0.005,0.005,2024-10-08,v2023.03.01,v2023.03.01,30,260114,10,3.8444681947146254e-05,0.0015038932795809169,0.020494633743369944,0.018990740463789027,39.118369652491054,533.0941161522929,493.97574649980186,0.3978543198105373,0.608298219173869,4.031629045454506e-05
F02,v3_internal,0.01,0.005,2024-10-08,v2023.03.01,v2023.03.01,30,260114,10,3.8444681947146254e-05,0.0015038932795809169,0.015061179152748494,0.013557285873167577,39.118369652491054,391.76235541380214,352.64398576131106,0.3978543198105373,0.5785555008765725,3.838621161693616e-05
F02,v3_internal,0.0025,0.005,2024-10-15,v2023.03.01,v2023.03.01,30,260834,12,4.6006272188441694e-05,0.0014298995879859623,0.0038192241561898974,0.0023893245682039353,31.080535761060872,83.01529279630297,51.9347570352421,0.5649903637985548,0.7709341364353212,4.627611760042921e-05
F02,v3_internal,0.005,0.005,2024-10-15,v2023.03.01,v2023.03.01,30,260834,12,4.6006272188441694e-05,0.0014298995879859623,0.0007692184626956344,-0.0006606811252903279,31.080535761060872,16.719860708229426,-14.360675052831448,0.5649903637985548,0.788638100569226,4.601586440197085e-05
F02,v3_internal,0.01,0.005,2024-10-15,v2023.03.01,v2023.03.01,30,260834,12,4.6006272188441694e-05,0.0014298995879859623,0.001324725297237346,-0.00010517429074861635,31.080535761060872,28.79444984830049,-2.286085912760383,0.5649903637985548,0.7908931506289091,4.597446201005742e-05
F02,v3_internal,0.0025,0.005,2024-10-22,v2023.03.01,v2023.03.01,30,261970,13,4.9624002748406305e-05,0.0015451188074244405,0.15455053833684276,0.15300541952941832,31.136521075460053,3114.4311175463617,3083.2945964709015,0.6736833790396016,0.8077724735210505,4.2538410193091995e-05
F02,v3_internal,0.005,0.005,2024-10-22,v2023.03.01,v2023.03.01,30,261970,13,4.9624002748406305e-05,0.0015451188074244405,0.07056118803820847,0.06901606923078403,31.136521075460053,1421.9164946438057,1390.7799735683457,0.6736833790396016,0.8115678703580534,4.9449935401749283e-05
F02,v3_internal,0.01,0.005,2024-10-22,v2023.03.01,v2023.03.01,30,261970,13,4.9624002748406305e-05,0.0015451188074244405,0.15415315520512987,0.15260803639770543,31.136521075460053,3106.4232360836827,3075.2867150082225,0.6736833790396016,0.7995614958532536,4.3867608290878793e-05
F02,v3_internal,0.0025,0.005,2024-10-29,v2023.03.01,v2023.03.01,30,262703,13,4.948554070566381e-05,0.001538336759766751,0.0011398807620753575,-0.0003984559976913935,31.0865909077696,23.03462275688328,-8.051968150886319,0.7167286974702559,0.8930448876564069,4.9708104252841026e-05
F02,v3_internal,0.005,0.005,2024-10-29,v2023.03.01,v2023.03.01,30,262703,13,4.948554070566381e-05,0.001538336759766751,0.015051387762742383,0.013513051002975632,31.0865909077696,304.15728611043943,273.0706952026698,0.7167286974702559,0.8559414870408818,4.9469310508157527e-05
F02,v3_internal,0.01,0.005,2024-10-29,v2023.03.01,v2023.03.01,30,262703,13,4.948554070566381e-05,0.001538336759766751,0.0006138532377545524,-0.0009244835220121986,31.0865909077696,12.404699009064169,-18.681891898705434,0.7167286974702559,0.8244337431954014,4.9523748318893566e-05
F02,v3_internal,0.0025,0.005,2024-11-05,v2023.03.01,v2023.03.01,30,263468,14,5.313738290798124e-05,0.0014642224520636513,0.0021842347629653118,0.0007200123109016604,27.55541150002186,41.10542603778177,13.550014537759905,0.6701030215087698,0.7865393145347142,5.310601841417583e-05
F02,v3_internal,0.005,0.005,2024-11-05,v2023.03.01,v2023.03.01,30,263468,14,5.313738290798124e-05,0.0014642224520636513,0.015434551006698076,0.013970328554634424,27.55541150002186,290.46502033090917,262.9096088308873,0.6701030215087698,0.7618055307025677,5.3118200159764646e-05
F02,v3_internal,0.01,0.005,2024-11-05,v2023.03.01,v2023.03.01,30,263468,14,5.313738290798124e-05,0.0014642224520636513,0.0016000011267380666,0.00013577867467441532,27.55541150002186,30.11064977567321,2.5552382756513468,0.6701030215087698,0.7496920037002935,5.308698209067916e-05
F02,v3_internal,0.0025,0.005,2024-11-12,v2023.03.01,v2023.03.01,30,264372,8,3.026039066164344e-05,0.00014700054825098023,0.2501321661174982,0.24998516556924724,4.857853617776018,8265.992627601905,8261.13477398413,0.608224361108169,0.6975429710550605,2.3659841126722247e-05
F02,v3_internal,0.005,0.005,2024-11-12,v2023.03.01,v2023.03.01,30,264372,8,3.026039066164344e-05,0.00014700054825098023,0.25010775563594717,0.2499607550876962,4.857853617776018,8265.185946623329,8260.328093005552,0.608224361108169,0.6879553380944455,2.7057960114316852e-05
F02,v3_internal,0.01,0.005,2024-11-12,v2023.03.01,v2023.03.01,30,264372,8,3.026039066164344e-05,0.00014700054825098023,0.25018043225326764,0.2500334317050167,4.857853617776018,8267.58765445761,8262.729800839834,0.608224361108169,0.62663363771164,3.017363265205898e-05
F02,v3_internal,0.0025,0.005,2024-11-19,v2023.03.01,v2023.03.01,30,265556,13,4.8953892964195877e-05,9.029863815858492e-05,0.000382222730024743,0.00029192409186615806,1.8445650119108596,7.807810714957743,5.963245703046883,0.5593044614822632,0.7294348097758468,4.91081955734545e-05
F02,v3_internal,0.005,0.005,2024-11-19,v2023.03.01,v2023.03.01,30,265556,13,4.8953892964195877e-05,9.029863815858492e-05,0.0002280405623820472,0.00013774192422346228,1.8445650119108596,4.658272275686687,2.813707263775827,0.5593044614822632,0.7015986690841611,4.895291132583526e-05
F02,v3_internal,0.01,0.005,2024-11-19,v2023.03.01,v2023.03.01,30,265556,13,4.8953892964195877e-05,9.029863815858492e-05,0.00036324650158064893,0.00027294786342206404,1.8445650119108596,7.420175997980832,5.5756109860699725,0.5593044614822632,0.7152276366076015,4.8957284102337405e-05
F02,v3_internal,0.0025,0.005,2024-11-26,v2023.03.01,v2023.03.01,30,266687,10,3.749714084301072e-05,9.452667380143115e-05,0.00018983495119494,9.530827739350885e-05,2.520903505608227,5.062651362932496,2.5417478573242698,0.6006005392291048,0.7698251067771124,3.7518191863517365e-05
F02,v3_internal,0.005,0.005,2024-11-26,v2023.03.01,v2023.03.01,30,266687,10,3.749714084301072e-05,9.452667380143115e-05,0.00014857657751832972,5.4049903716898567e-05,2.520903505608227,3.9623441728630797,1.4414406672548528,0.6006005392291048,0.7416400739471346,3.749628615743723e-05
F02,v3_internal,0.01,0.005,2024-11-26,v2023.03.01,v2023.03.01,30,266687,10,3.749714084301072e-05,9.452667380143115e-05,0.00014672203570348908,5.2195361902057934e-05,2.520903505608227,3.9128859535656395,1.3919824479574125,0.6006005392291048,0.7469581178729324,3.751968291180683e-05
F02,v3_internal,0.0025,0.005,2024-12-03,v2023.03.01,v2023.03.01,30,267309,9,3.366890003703579e-05,9.86998964695058e-05,0.00016357607996752652,6.487618349802071e-05,2.931485625040792,4.858373151115505,1.9268875260747131,0.6064207922849898,0.7112299954275263,3.375868411569864e-05
F02,v3_internal,0.005,0.005,2024-12-03,v2023.03.01,v2023.03.01,30,267309,9,3.366890003703579e-05,9.86998964695058e-05,0.00010634160495683304,7.64170848732724e-06,2.931485625040792,3.1584520088228984,0.22696638378210637,0.6064207922849898,0.7061188011805296,3.366900585949357e-05
F02,v3_internal,0.01,0.005,2024-12-03,v2023.03.01,v2023.03.01,30,267309,9,3.366890003703579e-05,9.86998964695058e-05,9.279546302097326e-05,-5.904433448532549e-06,2.931485625040792,2.7561180471859266,-0.17536757785486523,0.6064207922849898,0.7308267863823419,3.368441075361582e-05
F02,v3_internal,0.0025,0.005,2024-12-10,v2023.03.01,v2023.03.01,30,268140,10,3.729395092116059e-05,0.002763232569383955,0.00021481737263371584,-0.002548415196750239,74.09331811546136,5.760113029800456,-68.33320508566091,0.6569662104203186,0.7799517025323537,4.42399283496658e-05
F02,v3_internal,0.005,0.005,2024-12-10,v2023.03.01,v2023.03.01,30,268140,10,3.729395092116059e-05,0.002763232569383955,0.0005149855980491581,-0.002248246971334797,74.09331811546136,13.808823826090123,-60.284494289371246,0.6569662104203186,0.7512790437474359,3.7364710044005603e-05
F02,v3_internal,0.01,0.005,2024-12-10,v2023.03.01,v2023.03.01,30,268140,10,3.729395092116059e-05,0.002763232569383955,0.00016013951744645098,-0.002603093051937504,74.09331811546136,4.293981020809136,-69.79933709465223,0.6569662104203186,0.7873253645619662,3.756868509117504e-05
F02,v3_internal,0.0025,0.005,2024-12-17,v2023.03.01,v2023.03.01,30,269329,10,3.7129310248803505e-05,0.0003405739938089795,0.0005022537199072205,0.00016167972609824096,9.172645317857864,13.52714921288918,4.354503895031314,0.6136063552887097,0.723742662047609,0.00028351763702279465
F02,v3_internal,0.005,0.005,2024-12-17,v2023.03.01,v2023.03.01,30,269329,10,3.7129310248803505e-05,0.0003405739938089795,0.000547123674026567,0.00020654968021758754,9.172645317857864,14.735627200190129,5.562981882332264,0.6136063552887097,0.8071931427043766,3.9693110608337425e-05
F02,v3_internal,0.01,0.005,2024-12-17,v2023.03.01,v2023.03.01,30,269329,10,3.7129310248803505e-05,0.0003405739938089795,0.0007541447648204614,0.0004135707710114819,9.172645317857864,20.311305536433007,11.138660218575142,0.6136063552887097,0.6554047430741983,4.737188932437354e-05
F02,v3_internal,0.0025,0.005,2024-12-24,v2023.03.01,v2023.03.01,30,269813,6,2.2237623835767736e-05,0.00036462747314745976,0.00025495845874561496,-0.0001096690144018448,16.396872068722594,11.465184438255102,-4.931687630467492,0.473123689649762,0.7893210084739586,0.00010565539284604163
F02,v3_internal,0.005,0.005,2024-12-24,v2023.03.01,v2023.03.01,30,269813,6,2.2237623835767736e-05,0.00036462747314745976,0.00015142389503460698,-0.00021320357811285278,16.396872068722594,6.809355898495402,-9.587516170227191,0.473123689649762,0.7797579998542168,3.769842048805976e-05
F02,v3_internal,0.01,0.005,2024-12-24,v2023.03.01,v2023.03.01,30,269813,6,2.2237623835767736e-05,0.00036462747314745976,0.0006069776311642264,0.00024235015801676667,16.396872068722594,27.29507593288557,10.898203864162978,0.473123689649762,0.7754228022252944,2.2321596793936344e-05
F03,v3_internal,0.0025,0.005,2024-12-31,v2023.03.01,v2023.03.01,30,270425,6,2.2187297772025515e-05,0.0003652264404582966,0.00017477092926164927,-0.00019045551119664731,16.461060026822476,7.877071424263584,-8.583988602558891,0.4734128642341453,0.7863546940118853,0.00013751131464802356
F03,v3_internal,0.005,0.005,2024-12-31,v2023.03.01,v2023.03.01,30,270425,6,2.2187297772025515e-05,0.0003652264404582966,0.00036070273864286266,-4.523701815433931e-06,16.461060026822476,16.257173016249357,-0.20388701057312011,0.4734128642341453,0.7255015981372117,2.2184955831221104e-05
F03,v3_internal,0.01,0.005,2024-12-31,v2023.03.01,v2023.03.01,30,270425,6,2.2187297772025515e-05,0.0003652264404582966,0.0003495670899904562,-1.565935046784041e-05,16.461060026822476,15.755280051778186,-0.7057799750442906,0.4734128642341453,0.6623643925414511,2.2188196980110047e-05
F03,v3_internal,0.0025,0.005,2025-01-07,v2023.03.01,v2023.03.01,30,271057,12,4.427113116429386e-05,7.437900526695366e-05,8.950869676242746e-05,1.5129691495473793e-05,1.6800791692203882,2.021829901527775,0.3417507323073866,0.542897858289214,0.43686303627318956,0.00015757143478610158
F03,v3_internal,0.005,0.005,2025-01-07,v2023.03.01,v2023.03.01,30,271057,12,4.427113116429386e-05,7.437900526695366e-05,0.00011508083463305688,4.070182936610322e-05,1.6800791692203882,2.5994554827610417,0.9193763135406533,0.542897858289214,0.6669466017327996,4.427035320948679e-05
F03,v3_internal,0.01,0.005,2025-01-07,v2023.03.01,v2023.03.01,30,271057,12,4.427113116429386e-05,7.437900526695366e-05,0.00016638350824173422,9.200450297478055e-05,1.6800791692203882,3.7582845494566457,2.0782053802362577,0.542897858289214,0.6165256999145283,4.427049470238959e-05
F03,v3_internal,0.0025,0.005,2025-01-14,v2023.03.01,v2023.03.01,30,272119,12,4.409835402893587e-05,9.621821705414696e-05,0.00895327043890238,0.008857052221848233,2.181900417213118,203.02958321363974,200.8476827964266,0.6354165518221386,0.6788427897849008,4.6414220056791826e-05
F03,v3_internal,0.005,0.005,2025-01-14,v2023.03.01,v2023.03.01,30,272119,12,4.409835402893587e-05,9.621821705414696e-05,0.08342750040552824,0.08333128218847409,2.181900417213118,1891.8506652376616,1889.6687648204484,0.6354165518221386,0.6221310305627321,4.409387793302273e-05
F03,v3_internal,0.01,0.005,2025-01-14,v2023.03.01,v2023.03.01,30,272119,12,4.409835402893587e-05,9.621821705414696e-05,0.08338505044695957,0.08328883222990542,2.181900417213118,1890.8880452146825,1888.7061447974695,0.6354165518221386,0.45798420596799544,4.409598404179581e-05
F03,v3_internal,0.0025,0.005,2025-01-21,v2023.03.01,v2023.03.01,30,273261,14,5.123307021492273e-05,8.745243118426528e-05,0.0034130166235917334,0.003325564192407468,1.7069527712745367,66.61745254137861,64.91049977010408,0.5579654775977151,0.721083723831238,5.903887110119198e-05
F03,v3_internal,0.005,0.005,2025-01-21,v2023.03.01,v2023.03.01,30,273261,14,5.123307021492273e-05,8.745243118426528e-05,0.07174303415553676,0.07165558172435249,1.7069527712745367,1400.3266611697236,1398.619708398449,0.5579654775977151,0.6118415102191685,5.122225452012587e-05
F03,v3_internal,0.01,0.005,2025-01-21,v2023.03.01,v2023.03.01,30,273261,14,5.123307021492273e-05,8.745243118426528e-05,0.07169323285098271,0.07160578041979844,1.7069527712745367,1399.3546072923132,1397.6476545210387,0.5579654775977151,0.533930054911072,5.1223622437359976e-05
F03,v3_internal,0.0025,0.005,2025-01-28,v2023.03.01,v2023.03.01,30,274363,19,6.92513203310942e-05,0.00014547234069329688,0.000851099361871599,0.0007056270211783021,2.1006435689281586,12.29000916953566,10.1893656006075,0.5323632297215789,0.7135590046764185,7.548418031086822e-05
F03,v3_internal,0.005,0.005,2025-01-28,v2023.03.01,v2023.03.01,30,274363,19,6.92513203310942e-05,0.00014547234069329688,0.0005504560627005975,0.0004049837220073006,2.1006435689281586,7.9486724595117915,5.848028890583633,0.5323632297215789,0.6255635452685603,6.923556193444698e-05
F03,v3_internal,0.01,0.005,2025-01-28,v2023.03.01,v2023.03.01,30,274363,19,6.92513203310942e-05,0.00014547234069329688,0.0006084661720820337,0.00046299383138873686,2.1006435689281586,8.786347598470686,6.685704029542527,0.5323632297215789,0.652275974688712,6.92353820213583e-05
F03,v3_internal,0.0025,0.005,2025-02-04,v2023.03.01,v2023.03.01,30,275040,20,7.271669575334496e-05,0.00012920552651566263,0.00039828785286763143,0.0002690823263519688,1.7768344006433927,5.477254552635667,3.700420151992275,0.48623800087266383,0.6265761580975929,7.850784540933904e-05
F03,v3_internal,0.005,0.005,2025-02-04,v2023.03.01,v2023.03.01,30,275040,20,7.271669575334496e-05,0.00012920552651566263,0.000309449113831028,0.00018024358731536536,1.7768344006433927,4.255544213404297,2.4787098127609046,0.48623800087266383,0.5889865282524908,7.270918487096069e-05
F03,v3_internal,0.01,0.005,2025-02-04,v2023.03.01,v2023.03.01,30,275040,20,7.271669575334496e-05,0.00012920552651566263,0.0003658603591928911,0.00023665483267722848,1.7768344006433927,5.031311659620639,3.2544772589772464,0.48623800087266383,0.6034187513635372,7.270802275884176e-05
F03,v3_internal,0.0025,0.005,2025-02-11,v2023.03.01,v2023.03.01,30,275626,20,7.25620950128072e-05,0.00012234425059252837,0.0013576670850463214,0.001235322834453793,1.6860628206908113,18.71041739914887,17.02435457845806,0.40968429569748116,0.7357783393685188,8.518954823443046e-05
F03,v3_internal,0.005,0.005,2025-02-11,v2023.03.01,v2023.03.01,30,275626,20,7.25620950128072e-05,0.00012234425059252837,0.0008512492184683268,0.0007289049678757984,1.6860628206908113,11.731320854477552,10.045258033786741,0.40968429569748116,0.7387750085266649,7.25451770750916e-05
F03,v3_internal,0.01,0.005,2025-02-11,v2023.03.01,v2023.03.01,30,275626,20,7.25620950128072e-05,0.00012234425059252837,0.0010170809373601939,0.0008947366867676654,1.6860628206908113,14.01669752204204,12.330634701351228,0.40968429569748116,0.671447736986858,7.254412792083293e-05
F03,v3_internal,0.0025,0.005,2025-02-18,v2023.03.01,v2023.03.01,30,277088,19,6.857027370366093e-05,0.0001302261677748982,0.00050490130037002,0.00037467513259512177,1.899163598758473,7.363267974575162,5.46410437581669,0.4313830432890458,0.6549576953185327,7.333108775699784e-05
F03,v3_internal,0.005,0.005,2025-02-18,v2023.03.01,v2023.03.01,30,277088,19,6.857027370366093e-05,0.0001302261677748982,0.0004966923342028999,0.0003664661664280017,1.899163598758473,7.243551868400691,5.344388269642217,0.4313830432890458,0.6673329140318648,6.855678065072027e-05
F03,v3_internal,0.01,0.005,2025-02-18,v2023.03.01,v2023.03.01,30,277088,19,6.857027370366093e-05,0.0001302261677748982,0.000411242779157434,0.00028101661138253583,1.899163598758473,5.997391536377635,4.098227937619162,0.4313830432890458,0.5659481364227912,6.855635449904276e-05
F03,v3_internal,0.0025,0.005,2025-02-25,v2023.03.01,v2023.03.01,30,277609,15,5.4032830347719274e-05,8.443939861920981e-05,0.00033379259697597117,0.00024935319835676136,1.562742467418681,6.177588603593492,4.614846136174811,0.4815154506221316,0.778281110782894,5.794753233175431e-05
F03,v3_internal,0.005,0.005,2025-02-25,v2023.03.01,v2023.03.01,30,277609,15,5.4032830347719274e-05,8.443939861920981e-05,0.0002176707168175922,0.0001332313181983824,1.562742467418681,4.028490001667664,2.4657475342489827,0.4815154506221316,0.6017355082122332,5.402874587983079e-05
F03,v3_internal,0.01,0.005,2025-02-25,v2023.03.01,v2023.03.01,30,277609,15,5.4032830347719274e-05,8.443939861920981e-05,0.00025122088722433845,0.00016678148860512865,1.562742467418681,4.649411952097425,3.086669484678744,0.4815154506221316,0.5637255608310459,5.402869381740742e-05
F03,v3_internal,0.0025,0.005,2025-03-04,v2023.03.01,v2023.03.01,30,279490,10,3.577945543668825e-05,6.785434389237537e-05,0.00016141473053310175,9.356038664072639e-05,1.8964610574479992,4.511380303669661,2.6149192462216617,0.4897549019607843,0.8631796550737083,3.9924244368985665e-05
F03,v3_internal,0.005,0.005,2025-03-04,v2023.03.01,v2023.03.01,30,279490,10,3.577945543668825e-05,6.785434389237537e-05,8.992964644646064e-05,2.2075302554085268e-05,1.8964610574479992,2.5134436885321283,0.6169826310841292,0.4897549019607843,0.4995733147273508,3.578159770382069e-05
F03,v3_internal,0.01,0.005,2025-03-04,v2023.03.01,v2023.03.01,30,279490,10,3.577945543668825e-05,6.785434389237537e-05,9.440931064468978e-05,2.655496675231441e-05,1.8964610574479992,2.6386458232084347,0.7421847657604355,0.4897549019607843,0.4760997209102619,3.5783490234659934e-05
F03,v3_internal,0.0025,0.005,2025-03-11,v2023.03.01,v2023.03.01,30,280154,10,3.5694653654775584e-05,6.59262597553679e-05,0.0015726678034620183,0.0015067415437066505,1.846950537550534,44.05891758110983,42.2119670435593,0.43898869866925583,0.8527874950025701,3.583715535633972e-05
F03,v3_internal,0.005,0.005,2025-03-11,v2023.03.01,v2023.03.01,30,280154,10,3.5694653654775584e-05,6.59262597553679e-05,0.0016460307953348773,0.0015801045355795095,1.846950537550534,46.11421114362473,44.267260606074196,0.43898869866925583,0.8663437375064252,3.567952267930266e-05
F03,v3_internal,0.01,0.005,2025-03-11,v2023.03.01,v2023.03.01,30,280154,10,3.5694653654775584e-05,6.59262597553679e-05,0.002377537144798793,0.0023116108850434252,1.846950537550534,66.60765412639611,64.76070358884559,0.43898869866925583,0.801564909475127,3.568143474413949e-05
F04,v4_transport,0.0025,0.005,2025-03-18,v2025.03.14-or-later,v2025.03.14,30,269374,11,4.083541841454632e-05,0.0001933100746318169,0.00013757915143467847,-5.573092319713843e-05,4.733882549442822,3.369113303505916,-1.364769245936906,0.6469044982556489,0.48498106475445607,4.084897682310342e-05
F04,v4_transport,0.005,0.005,2025-03-18,v2025.03.14-or-later,v2025.03.14,30,269374,11,4.083541841454632e-05,0.0001933100746318169,0.00011556583083265647,-7.774424379916043e-05,4.733882549442822,2.8300391013378183,-1.9038434481050037,0.6469044982556489,0.4558638849298665,4.084505456896589e-05
F04,v4_transport,0.01,0.005,2025-03-18,v2025.03.14-or-later,v2025.03.14,30,269374,11,4.083541841454632e-05,0.0001933100746318169,7.219082210138158e-05,-0.00012111925253043531,4.733882549442822,1.7678482284306873,-2.9660343210121347,0.6469044982556489,0.442226998173806,4.2661398358375987e-05
F04,v4_transport,0.0025,0.005,2025-03-25,v2025.03.14-or-later,v2025.03.14,30,270297,8,2.9597072849495186e-05,0.00031939901699374533,0.00011299026038070772,-0.00020640875661303762,10.791574512044797,3.817616051265519,-6.973958460779278,0.626562679206331,0.6429994838857667,2.96084708578032e-05
F04,v4_transport,0.005,0.005,2025-03-25,v2025.03.14-or-later,v2025.03.14,30,270297,8,2.9597072849495186e-05,0.00031939901699374533,6.261226081402435e-05,-0.000256786756179721,10.791574512044797,2.1154882826560426,-8.676086229388757,0.626562679206331,0.47356880043213007,2.960460049513622e-05
F04,v4_transport,0.01,0.005,2025-03-25,v2025.03.14-or-later,v2025.03.14,30,270297,8,2.9597072849495186e-05,0.00031939901699374533,6.025077948886246e-05,-0.00025914823750488285,10.791574512044797,2.035700617937632,-8.755873894107165,0.626562679206331,0.47229516369515595,2.9603928849472114e-05
F04,v4_transport,0.0025,0.005,2025-04-01,v2025.03.14-or-later,v2025.03.14,30,271554,6,2.2095052917651737e-05,9.208314755244345e-05,0.0034547953888362827,0.003362712241283839,4.167591175076039,156.36058450334133,152.1929933282653,0.5034849578466176,0.7929076995595622,2.2106128808109884e-05
F04,v4_transport,0.005,0.005,2025-04-01,v2025.03.14-or-later,v2025.03.14,30,271554,6,2.2095052917651737e-05,9.208314755244345e-05,0.00019614391617641733,0.00010406076862397388,4.167591175076039,8.877277502228472,4.709686327152434,0.5034849578466176,0.4758643039168029,2.2103391779641367e-05
F04,v4_transport,0.01,0.005,2025-04-01,v2025.03.14-or-later,v2025.03.14,30,271554,6,2.2095052917651737e-05,9.208314755244345e-05,0.0001931632911605058,0.00010108014360806235,4.167591175076039,8.742377394633332,4.574786219557294,0.5034849578466176,0.46566230156976546,2.2103028586080583e-05
F04,v4_transport,0.0025,0.005,2025-04-08,v2025.03.14-or-later,v2025.03.14,30,272734,10,3.6665762244531303e-05,8.685636257574899e-05,0.0015763252252980389,0.00148946886272229,2.3688683190734325,42.991748399643534,40.6228800805701,0.5276061146067086,0.8246619292764846,3.6666312400459394e-05
F04,v4_transport,0.005,0.005,2025-04-08,v2025.03.14-or-later,v2025.03.14,30,272734,10,3.6665762244531303e-05,8.685636257574899e-05,0.0009092050520666072,0.0008223486894908582,2.3688683190734325,24.797113067033404,22.42824474795997,0.5276061146067086,0.5755723735351491,3.666664045299918e-05
F04,v4_transport,0.01,0.005,2025-04-08,v2025.03.14-or-later,v2025.03.14,30,272734,10,3.6665762244531303e-05,8.685636257574899e-05,0.0010036507646519846,0.0009167944020762356,2.3688683190734325,27.372968764659433,25.004100445586,0.5276061146067086,0.5742142239040202,3.6661638869583e-05
F04,v4_transport,0.0025,0.005,2025-04-15,v2025.03.14-or-later,v2025.03.14,30,273536,10,3.655825924192794e-05,0.00020978368069661372,0.0005358437168993228,0.0003260600362027091,5.738338888302893,14.657254694577317,8.918915806274423,0.7403327288813495,0.5929405248495573,3.6564489008592914e-05
F04,v4_transport,0.005,0.005,2025-04-15,v2025.03.14-or-later,v2025.03.14,30,273536,10,3.655825924192794e-05,0.00020978368069661372,0.0002777015357819024,6.791785508528868e-05,5.738338888302893,7.596136729163845,1.8577978408609523,0.7403327288813495,0.30175943054773585,3.657245539115592e-05
F04,v4_transport,0.01,0.005,2025-04-15,v2025.03.14-or-later,v2025.03.14,30,273536,10,3.655825924192794e-05,0.00020978368069661372,9.487530719554849e-05,-0.00011490837350106523,5.738338888302893,2.595181202904155,-3.1431576853987377,0.7403327288813495,0.2922652691151847,3.664011703775119e-05
F04,v4_transport,0.0025,0.005,2025-04-22,v2025.03.14-or-later,v2025.03.14,30,274708,12,4.368274677111697e-05,0.0001765804648133095,0.08946450369333402,0.08928792322852071,4.042338860661219,2048.0512400490334,2044.0089011883722,0.6112300810107658,0.5627962365669685,4.36782146817959e-05
F04,v4_transport,0.005,0.005,2025-04-22,v2025.03.14-or-later,v2025.03.14,30,274708,12,4.368274677111697e-05,0.0001765804648133095,0.016458965288477456,0.016282384823664148,4.042338860661219,376.78411970558875,372.7417808449276,0.6112300810107658,0.5318198723922688,4.3685844815845636e-05
F04,v4_transport,0.01,0.005,2025-04-22,v2025.03.14-or-later,v2025.03.14,30,274708,12,4.368274677111697e-05,0.0001765804648133095,0.002581433711290631,0.002404853246477322,4.042338860661219,59.09504099676889,55.052702136107676,0.6112300810107658,0.598908581365097,4.367805792714989e-05
F04,v4_transport,0.0025,0.005,2025-04-29,v2025.03.14-or-later,v2025.03.14,30,275282,12,4.359166236804441e-05,0.0001962769719530134,0.04501237440995446,0.04481609743800145,4.502626449430786,1032.5913710267569,1028.0887445773262,0.6687285816350008,0.5647057131785762,4.358589712395187e-05
F04,v4_transport,0.005,0.005,2025-04-29,v2025.03.14-or-later,v2025.03.14,30,275282,12,4.359166236804441e-05,0.0001962769719530134,0.017225953615666798,0.017029676643713784,4.502626449430786,395.1662469356656,390.6636204862348,0.6687285816350008,0.39727737009723785,4.359393496465064e-05
F04,v4_transport,0.01,0.005,2025-04-29,v2025.03.14-or-later,v2025.03.14,30,275282,12,4.359166236804441e-05,0.0001962769719530134,0.0056785487575749735,0.00548227178562196,4.502626449430786,130.26685492356282,125.76422847413203,0.6687285816350008,0.41056523292282726,4.3583690148299437e-05
F04,v4_transport,0.0025,0.005,2025-05-06,v2025.03.14-or-later,v2025.03.14,30,276284,11,3.98141043274312e-05,0.0009354246099921617,0.0016697897666906512,0.0007343651566984894,23.4948048133704,41.93965417275999,18.444849359389586,0.6484319034894009,0.5849709592257724,3.9813423074574804e-05
F04,v4_transport,0.005,0.005,2025-05-06,v2025.03.14-or-later,v2025.03.14,30,276284,11,3.98141043274312e-05,0.0009354246099921617,0.001503202981617718,0.0005677783716255563,23.4948048133704,37.75553932484269,14.26073451147229,0.6484319034894009,0.5739160178519074,3.9817972345059505e-05
F04,v4_transport,0.01,0.005,2025-05-06,v2025.03.14-or-later,v2025.03.14,30,276284,11,3.98141043274312e-05,0.0009354246099921617,0.0013025141170090464,0.00036708950701688466,23.4948048133704,32.714891845793396,9.220087032422995,0.6484319034894009,0.6558787536570382,3.981146327856484e-05
F04,v4_transport,0.0025,0.005,2025-05-13,v2025.03.14-or-later,v2025.03.14,30,277155,15,5.41213400443795e-05,0.0008350534040823587,0.0055444007892589695,0.004709347385176611,15.42928174722974,102.44389338313798,87.01461163590824,0.6277554064131246,0.8570236462918862,5.4101986334595293e-05
F04,v4_transport,0.005,0.005,2025-05-13,v2025.03.14-or-later,v2025.03.14,30,277155,15,5.41213400443795e-05,0.0008350534040823587,0.0037271869354383,0.0028921335313559413,15.42928174722974,68.86723300609347,53.43795125886373,0.6277554064131246,0.6043114190180655,5.4112950019958426e-05
F04,v4_transport,0.01,0.005,2025-05-13,v2025.03.14-or-later,v2025.03.14,30,277155,15,5.41213400443795e-05,0.0008350534040823587,0.003470913930186684,0.0026358605261043253,15.42928174722974,64.13207668805936,48.70279494082962,0.6277554064131246,0.5939833056698179,5.4094932505064696e-05
F04,v4_transport,0.0025,0.005,2025-05-20,v2025.03.14-or-later,v2025.03.14,30,278315,11,3.952356143219015e-05,0.001740972851836388,0.0010304688491332905,-0.0007105040027030976,44.04898720534948,26.07226706786652,-17.97672013748296,0.7969809991951248,0.927636358409901,3.9520102361065446e-05
F04,v4_transport,0.005,0.005,2025-05-20,v2025.03.14-or-later,v2025.03.14,30,278315,11,3.952356143219015e-05,0.001740972851836388,0.0005556488499067815,-0.0011853240019296064,44.04898720534948,14.058673605618717,-29.99031359973076,0.7969809991951248,0.6329233173403577,3.9528317859866444e-05
F04,v4_transport,0.01,0.005,2025-05-20,v2025.03.14-or-later,v2025.03.14,30,278315,11,3.952356143219015e-05,0.001740972851836388,0.0004742573545501449,-0.001266715497286243,44.04898720534948,11.999357784693052,-32.04962942065643,0.7969809991951248,0.6267593579813311,3.952721900249498e-05
F04,v4_transport,0.0025,0.005,2025-05-27,v2025.03.14-or-later,v2025.03.14,30,279057,13,4.658546461833962e-05,0.0016361733619441128,0.0005785611175531872,-0.0010576122443909256,35.121971528002945,12.419348444695368,-22.70262308330758,0.8443763486982477,0.9216043127469282,4.658300958596483e-05
F04,v4_transport,0.005,0.005,2025-05-27,v2025.03.14-or-later,v2025.03.14,30,279057,13,4.658546461833962e-05,0.0016361733619441128,0.00035660997385050173,-0.0012795633880936111,35.121971528002945,7.654962267138421,-27.46700926086453,0.8443763486982477,0.6013383056215011,4.658944587548725e-05
F04,v4_transport,0.01,0.005,2025-05-27,v2025.03.14-or-later,v2025.03.14,30,279057,13,4.658546461833962e-05,0.0016361733619441128,0.00030682561870936086,-0.001329347743234752,35.121971528002945,6.586295129244471,-28.53567639875848,0.8443763486982477,0.5977717327181927,4.658758742302225e-05
F04,v4_transport,0.0025,0.005,2025-06-03,v2025.03.14-or-later,v2025.03.14,30,279580,11,3.934473138278847e-05,0.0004076950968567071,0.003014587072283246,0.0026068919754265387,10.36212683447256,76.61984124263181,66.25771440815925,0.6951001525399975,0.9624366598065399,3.933619688768902e-05
F04,v4_transport,0.005,0.005,2025-06-03,v2025.03.14-or-later,v2025.03.14,30,279580,11,3.934473138278847e-05,0.0004076950968567071,0.0026834626635880475,0.0022757675667313404,10.36212683447256,68.20386286235876,57.8417360278862,0.6951001525399975,0.6275812866493521,3.934468713798102e-05
F04,v4_transport,0.01,0.005,2025-06-03,v2025.03.14-or-later,v2025.03.14,30,279580,11,3.934473138278847e-05,0.0004076950968567071,0.0021734903934970766,0.0017657952966403695,10.36212683447256,55.24222220126479,44.880095366792226,0.6951001525399975,0.6162017573154001,3.9326450274260365e-05
F04,v4_transport,0.0025,0.005,2025-06-10,v2025.03.14-or-later,v2025.03.14,30,280514,11,3.921372908304042e-05,0.054353671297202574,0.0007401472972713637,-0.05361352399993121,1386.0877954784985,18.874698086070847,-1367.2130973924275,0.7546645911743611,0.8796780005269754,3.9212035838788185e-05
F04,v4_transport,0.005,0.005,2025-06-10,v2025.03.14-or-later,v2025.03.14,30,280514,11,3.921372908304042e-05,0.054353671297202574,0.0007451113522184524,-0.05360855994498412,1386.0877954784985,19.001287805109722,-1367.0865076733887,0.7546645911743611,0.8084322870635317,3.921526877481715e-05
F04,v4_transport,0.01,0.005,2025-06-10,v2025.03.14-or-later,v2025.03.14,30,280514,11,3.921372908304042e-05,0.054353671297202574,0.0006359121092139484,-0.05371775918798863,1386.0877954784985,16.216568127640137,-1369.8712273508584,0.7546645911743611,0.8031926736806898,3.921627948693097e-05
F05,v4_adaptive,0.0025,0.005,2025-06-17,v2025.03.14-or-later,v2025.03.14,30,281305,9,3.199374344572617e-05,0.06646789313055715,0.0006833513975415572,-0.0657845417330156,2077.527853010153,21.35890720949197,-2056.1689458006613,0.7055932382812253,0.9034044407156716,3.1992376697207696e-05
F05,v4_adaptive,0.005,0.005,2025-06-17,v2025.03.14-or-later,v2025.03.14,30,281305,9,3.199374344572617e-05,0.06646789313055715,0.0006865477218470869,-0.06578134540871006,2077.527853010153,21.458811877132753,-2056.06904113302,0.7055932382812253,0.9034968700427861,3.199124615251414e-05
F05,v4_adaptive,0.01,0.005,2025-06-17,v2025.03.14-or-later,v2025.03.14,30,281305,9,3.199374344572617e-05,0.06646789313055715,0.000785512093945013,-0.06568238103661214,2077.527853010153,24.55205328746688,-2052.9757997226866,0.7055932382812253,0.90593281730909,3.1983269054335264e-05
F05,v4_adaptive,0.0025,0.005,2025-06-24,v2025.03.14-or-later,v2025.03.14,30,282344,12,4.250134587595274e-05,0.049918371276121185,0.0012801968150040494,-0.04863817446111714,1174.5127182987633,30.12132412795861,-1144.3913941708047,0.6997268877302845,0.9149596042956519,4.248988036462495e-05
F05,v4_adaptive,0.005,0.005,2025-06-24,v2025.03.14-or-later,v2025.03.14,30,282344,12,4.250134587595274e-05,0.049918371276121185,0.0012789107254755263,-0.048639460550645656,1174.5127182987633,30.091064156138497,-1144.4216541426247,0.6997268877302845,0.9145696969052982,4.2489532046721695e-05
F05,v4_adaptive,0.01,0.005,2025-06-24,v2025.03.14-or-later,v2025.03.14,30,282344,12,4.250134587595274e-05,0.049918371276121185,0.0008218777636143818,-0.049096493512506806,1174.5127182987633,19.33768794082825,-1155.1750303579352,0.6997268877302845,0.9154466195826191,4.2487775006007275e-05
F05,v4_adaptive,0.0025,0.005,2025-07-01,v2025.03.14-or-later,v2025.03.14,30,283081,10,3.5325578191401046e-05,0.04458732941762491,0.0028932620672632013,-0.041694067350361706,1262.1825798870677,81.90275192629343,-1180.2798279607744,0.6516147892224918,0.8794917176256134,3.530624340583151e-05
F05,v4_adaptive,0.005,0.005,2025-07-01,v2025.03.14-or-later,v2025.03.14,30,283081,10,3.5325578191401046e-05,0.04458732941762491,0.0028888238523166873,-0.04169850556530822,1262.1825798870677,81.77711449376602,-1180.4054653933017,0.6516147892224918,0.8719688700008125,3.530743450146138e-05
F05,v4_adaptive,0.01,0.005,2025-07-01,v2025.03.14-or-later,v2025.03.14,30,283081,10,3.5325578191401046e-05,0.04458732941762491,0.0008237495014755936,-0.04376357991614931,1262.1825798870677,23.318783262721254,-1238.8637966243464,0.6516147892224918,0.887638790268166,3.531568341499803e-05
F05,v4_adaptive,0.0025,0.005,2025-07-08,v2025.03.14-or-later,v2025.03.14,30,283903,8,2.817863847863531e-05,0.002238827371330085,0.0006070984080436006,-0.0016317289632864843,79.45122590034063,21.544632417350293,-57.906593482990345,0.7753617094348263,0.8610602071188291,2.8178563373973896e-05
F05,v4_adaptive,0.005,0.005,2025-07-08,v2025.03.14-or-later,v2025.03.14,30,283903,8,2.817863847863531e-05,0.002238827371330085,0.0005908336595447383,-0.0016479937117853465,79.45122590034063,20.96743105571623,-58.483794844624406,0.7753617094348263,0.8605569400658695,2.8176987571203626e-05
F05,v4_adaptive,0.01,0.005,2025-07-08,v2025.03.14-or-later,v2025.03.14,30,283903,8,2.817863847863531e-05,0.002238827371330085,0.003325900232525128,0.0010870728611950434,79.45122590034063,118.02913171432269,38.57790581398205,0.7753617094348263,0.865767052959721,2.817204641811593e-05
F05,v4_adaptive,0.0025,0.005,2025-07-15,v2025.03.14-or-later,v2025.03.14,30,284861,11,3.861532466711835e-05,0.0018105909650703005,0.00230936966511725,0.0004987787000469493,46.887886627353716,59.80448656136045,12.91659993400673,0.7111157387460705,0.893970351221536,3.8597955447315446e-05
F05,v4_adaptive,0.005,0.005,2025-07-15,v2025.03.14-or-later,v2025.03.14,30,284861,11,3.861532466711835e-05,0.0018105909650703005,0.0022914169656618856,0.0004808260005915851,46.887886627353716,59.3395752959464,12.451688668592684,0.7111157387460705,0.893968117190866,3.859892213505238e-05
F05,v4_adaptive,0.01,0.005,2025-07-15,v2025.03.14-or-later,v2025.03.14,30,284861,11,3.861532466711835e-05,0.0018105909650703005,0.0009475742824500474,-0.0008630166826202532,46.887886627353716,24.53881433390936,-22.349072293444358,0.7111157387460705,0.8946590709623885,3.860626763313642e-05
F05,v4_adaptive,0.0025,0.005,2025-07-22,v2025.03.14-or-later,v2025.03.14,30,285750,8,2.799650043744532e-05,0.0023865598706879036,0.002569000363455155,0.00018244049276725134,85.24493538113356,91.76148173216382,6.516546351030259,0.7079850442007125,0.8697850683483702,2.7990642781919516e-05
F05,v4_adaptive,0.005,0.005,2025-07-22,v2025.03.14-or-later,v2025.03.14,30,285750,8,2.799650043744532e-05,0.0023865598706879036,0.00253181248799144,0.0001452526173035362,85.24493538113356,90.43317730544425,5.188241924310684,0.7079850442007125,0.870108786947666,2.79907299439051e-05
F05,v4_adaptive,0.01,0.005,2025-07-22,v2025.03.14-or-later,v2025.03.14,30,285750,8,2.799650043744532e-05,0.0023865598706879036,0.0013517566700484173,-0.0010348032006394863,85.24493538113356,48.283058558291906,-36.96187682284165,0.7079850442007125,0.8736421317132238,2.79905496967342e-05
F05,v4_adaptive,0.0025,0.005,2025-07-29,v2025.03.14-or-later,v2025.03.14,30,286457,8,2.79274027166381e-05,0.0024506686341015447,0.00039356068011318007,-0.0020571079539883647,87.75139811485327,14.092276467897653,-73.65912164695563,0.7582759060077012,0.9032788122842111,2.7929609084942946e-05
F05,v4_adaptive,0.005,0.005,2025-07-29,v2025.03.14-or-later,v2025.03.14,30,286457,8,2.79274027166381e-05,0.0024506686341015447,0.0003960874543088975,-0.002054581179792647,87.75139811485327,14.182752987370483,-73.5686451274828,0.7582759060077012,0.9192458779747879,2.792880145137948e-05
F05,v4_adaptive,0.01,0.005,2025-07-29,v2025.03.14-or-later,v2025.03.14,30,286457,8,2.79274027166381e-05,0.0024506686341015447,0.0003925899867647047,-0.00205807864733684,87.75139811485327,14.057518729832127,-73.69387938502115,0.7582759060077012,0.8422801702920939,2.7923486582390994e-05
F05,v4_adaptive,0.0025,0.005,2025-08-05,v2025.03.14-or-later,v2025.03.14,30,287113,8,2.786359377666633e-05,0.0002006514229125972,0.00037027433239492807,0.00016962290948233086,7.201203998338066,13.288821799613123,6.087617801275058,0.5597015900106233,0.7891725152818655,2.7864767095662628e-05
F05,v4_adaptive,0.005,0.005,2025-08-05,v2025.03.14-or-later,v2025.03.14,30,287113,8,2.786359377666633e-05,0.0002006514229125972,0.0003678810836289811,0.0001672296607163839,7.201203998338066,13.202930195495957,6.0017261971578915,0.5597015900106233,0.7809995472039846,2.7863769204665e-05
F05,v4_adaptive,0.01,0.005,2025-08-05,v2025.03.14-or-later,v2025.03.14,30,287113,8,2.786359377666633e-05,0.0002006514229125972,0.00041856005602926245,0.00021790863311666524,7.201203998338066,15.021754170841204,7.820550172503139,0.5597015900106233,0.7673716932829453,2.7857458294278908e-05
F05,v4_adaptive,0.0025,0.005,2025-08-12,v2025.03.14-or-later,v2025.03.14,30,287807,8,2.7796405229893643e-05,7.190444535591571e-05,0.002218068623391333,0.0021461641780354175,2.5868253380687545,79.79695953654867,77.21013419847992,0.4970854224649842,0.6745048193357169,2.779138375257198e-05
F05,v4_adaptive,0.005,0.005,2025-08-12,v2025.03.14-or-later,v2025.03.14,30,287807,8,2.7796405229893643e-05,7.190444535591571e-05,0.002215104900840529,0.0021432004554846136,2.5868253380687545,79.69033702452627,77.10351168645752,0.4970854224649842,0.6667038019590061,2.779156206185348e-05
F05,v4_adaptive,0.01,0.005,2025-08-12,v2025.03.14-or-later,v2025.03.14,30,287807,8,2.7796405229893643e-05,7.190444535591571e-05,0.00030971694327574655,0.00023781249791983083,2.5868253380687545,11.142338036670349,8.555512698601595,0.4970854224649842,0.6429185386328653,2.7793214289883814e-05
F05,v4_adaptive,0.0025,0.005,2025-08-19,v2025.03.14-or-later,v2025.03.14,30,288830,7,2.4235709586954263e-05,7.560230265493708e-05,6.452418794068353e-05,-1.107811471425355e-05,3.119459010832211,2.6623601718439462,-0.4570988389882647,0.49520393360046017,0.49201438745727116,2.4246419361178404e-05
F05,v4_adaptive,0.005,0.005,2025-08-19,v2025.03.14-or-later,v2025.03.14,30,288830,7,2.4235709586954263e-05,7.560230265493708e-05,6.337337350521176e-05,-1.2228929149725318e-05,3.119459010832211,2.614875924215759,-0.504583086616452,0.49520393360046017,0.4808295837143955,2.4245134563202658e-05
F05,v4_adaptive,0.01,0.005,2025-08-19,v2025.03.14-or-later,v2025.03.14,30,288830,7,2.4235709586954263e-05,7.560230265493708e-05,6.165505938586224e-05,-1.394724326907484e-05,3.119459010832211,2.543975828916942,-0.5754831819152695,0.49520393360046017,0.46121648404534465,2.423900479697059e-05
F05,v4_adaptive,0.0025,0.005,2025-08-26,v2025.03.14-or-later,v2025.03.14,30,289758,4,1.3804623168299063e-05,4.3334292133833185e-05,3.904342209438951e-05,-4.290870039443676e-06,3.139114455028809,2.828285974806529,-0.31082848022228016,0.5482228027913333,0.5474721660442996,1.3817016233756872e-05
F05,v4_adaptive,0.005,0.005,2025-08-26,v2025.03.14-or-later,v2025.03.14,30,289758,4,1.3804623168299063e-05,4.3334292133833185e-05,3.924200584162659e-05,-4.092286292206597e-06,3.139114455028809,2.8426712821645093,-0.2964431728642998,0.5482228027913333,0.5543944173333242,1.3815778141403525e-05
F05,v4_adaptive,0.01,0.005,2025-08-26,v2025.03.14-or-later,v2025.03.14,30,289758,4,1.3804623168299063e-05,4.3334292133833185e-05,3.929739174566203e-05,-4.036900388171153e-06,3.139114455028809,2.8466834093598847,-0.29243104566892425,0.5482228027913333,0.542949363943207,1.3809777159882849e-05
F05,v4_adaptive,0.0025,0.005,2025-09-02,v2025.03.14-or-later,v2025.03.14,30,290538,10,3.441890561647702e-05,0.02596424231950997,0.0030923764848471537,-0.022871865834662816,754.3599035025787,89.84528791545223,-664.5146155871265,0.7381290271505673,0.7715524837537173,3.441139380833624e-05
F05,v4_adaptive,0.005,0.005,2025-09-02,v2025.03.14-or-later,v2025.03.14,30,290538,10,3.441890561647702e-05,0.02596424231950997,0.0030952073837001875,-0.02286903493580978,754.3599035025787,89.92753628454851,-664.4323672180302,0.7381290271505673,0.775849487829056,3.441192040388245e-05
F05,v4_adaptive,0.01,0.005,2025-09-02,v2025.03.14-or-later,v2025.03.14,30,290538,10,3.441890561647702e-05,0.02596424231950997,0.0004215384881192697,-0.0255427038313907,754.3599035025787,12.247294926119638,-742.112608576459,0.7381290271505673,0.7569325503910123,3.441440986399685e-05
F05,v4_adaptive,0.0025,0.005,2025-09-09,v2025.03.14-or-later,v2025.03.14,30,291561,15,5.1447210017800735e-05,0.03368953239157041,0.000994837808335389,-0.03269469458323502,654.8369169079107,19.33706041573829,-635.4998564921724,0.9208454240497211,0.9116409303048805,5.143990091718496e-05
F05,v4_adaptive,0.005,0.005,2025-09-09,v2025.03.14-or-later,v2025.03.14,30,291561,15,5.1447210017800735e-05,0.03368953239157041,0.0009842887722479922,-0.032705243619322415,654.8369169079107,19.132014581693124,-635.7049023262175,0.9208454240497211,0.9097249376313401,5.1439526623265795e-05
F05,v4_adaptive,0.01,0.005,2025-09-09,v2025.03.14-or-later,v2025.03.14,30,291561,15,5.1447210017800735e-05,0.03368953239157041,0.0009148209123995105,-0.032774711479170895,654.8369169079107,17.781740002674248,-637.0551769052364,0.9208454240497211,0.9058437890875997,5.1434319538403024e-05
F06,v4_adaptive,0.0025,0.005,2025-09-16,v2025.03.14-or-later,v2025.03.14,30,292715,18,6.149326136344226e-05,0.02799711698625453,0.0013880911083742544,-0.026609025877880273,455.287561035083,22.573060488209435,-432.7145005468736,0.82691514888548,0.8607021747556157,6.147430199018094e-05
F06,v4_adaptive,0.005,0.005,2025-09-16,v2025.03.14-or-later,v2025.03.14,30,292715,18,6.149326136344226e-05,0.02799711698625453,0.0013658825727256272,-0.026631234413528902,455.287561035083,22.211906515299,-433.07565451978405,0.82691514888548,0.856513163214291,6.147388083221298e-05
F06,v4_adaptive,0.01,0.005,2025-09-16,v2025.03.14-or-later,v2025.03.14,30,292715,18,6.149326136344226e-05,0.02799711698625453,0.0011094407004596286,-0.0268876762857949,455.287561035083,18.04166303528001,-437.245897999803,0.82691514888548,0.8478908602107679,6.14753696240768e-05
F06,v4_adaptive,0.0025,0.005,2025-09-23,v2025.03.14-or-later,v2025.03.14,30,293942,24,8.164876063985412e-05,0.021226969250587632,0.006017218692073607,-0.015209750558514024,259.97907481067625,73.69638736606251,-186.2826874446137,0.763690538971187,0.8170571809144047,8.161313913174465e-05
F06,v4_adaptive,0.005,0.005,2025-09-23,v2025.03.14-or-later,v2025.03.14,30,293942,24,8.164876063985412e-05,0.021226969250587632,0.005991530805698612,-0.01523543844488902,259.97907481067625,73.38177283702755,-186.59730197364868,0.763690538971187,0.8131974025635268,8.1614259641057e-05
F06,v4_adaptive,0.01,0.005,2025-09-23,v2025.03.14-or-later,v2025.03.14,30,293942,24,8.164876063985412e-05,0.021226969250587632,0.0011838451098334752,-0.020043124140754157,259.97907481067625,14.49924163644464,-245.4798331742316,0.763690538971187,0.8098954612057331,8.162388489678794e-05
F06,v4_adaptive,0.0025,0.005,2025-09-30,v2025.03.14-or-later,v2025.03.14,30,294680,25,8.48377901452423e-05,0.022001607033447047,0.0011646308509453353,-0.020836976182501712,259.33734242464703,13.727736766262856,-245.60960565838417,0.7385129727986968,0.81990633113302,8.480787982699742e-05
F06,v4_adaptive,0.005,0.005,2025-09-30,v2025.03.14-or-later,v2025.03.14,30,294680,25,8.48377901452423e-05,0.022001607033447047,0.0011503705503770724,-0.020851236483069975,259.33734242464703,13.559647751404627,-245.7776946732424,0.7385129727986968,0.8151996741952453,8.480800836485356e-05
F06,v4_adaptive,0.01,0.005,2025-09-30,v2025.03.14-or-later,v2025.03.14,30,294680,25,8.48377901452423e-05,0.022001607033447047,0.0016611537905300792,-0.020340453242916966,259.33734242464703,19.58035195973615,-239.75699046491084,0.7385129727986968,0.7445510851673992,8.48105993938491e-05
F06,v4_adaptive,0.0025,0.005,2025-10-07,v2025.03.14-or-later,v2025.03.14,30,295574,14,4.7365465162700376e-05,0.014163424067854055,0.0005278770208726706,-0.013635547046981384,299.024278959421,11.144765897672768,-287.87951306174824,0.6126667536685807,0.7569555613556832,4.73620903119594e-05
F06,v4_adaptive,0.005,0.005,2025-10-07,v2025.03.14-or-later,v2025.03.14,30,295574,14,4.7365465162700376e-05,0.014163424067854055,0.0005144656297138587,-0.013648958438140197,299.024278959421,10.861618859788862,-288.16266009963215,0.6126667536685807,0.7420144326508517,4.736023452480471e-05
F06,v4_adaptive,0.01,0.005,2025-10-07,v2025.03.14-or-later,v2025.03.14,30,295574,14,4.7365465162700376e-05,0.014163424067854055,0.0016166492510375937,-0.012546774816816462,299.024278959421,34.131391837584694,-264.89288712183634,0.6126667536685807,0.6936640856098835,4.735231324043937e-05
F06,v4_adaptive,0.0025,0.005,2025-10-14,v2025.03.14-or-later,v2025.03.14,30,296429,15,5.060233647854967e-05,0.001023213584471087,0.0009835858642778662,-3.9627720193220793e-05,20.220678642078656,19.43755827746824,-0.7831203646104165,0.5128896295946436,0.7831775827052704,5.0581222558024306e-05
F06,v4_adaptive,0.005,0.005,2025-10-14,v2025.03.14-or-later,v2025.03.14,30,296429,15,5.060233647854967e-05,0.001023213584471087,0.0010582343498973471,3.502076542626011e-05,20.220678642078656,20.912756673714714,0.6920780316360572,0.5128896295946436,0.7662020012550015,5.058111655312513e-05
F06,v4_adaptive,0.01,0.005,2025-10-14,v2025.03.14-or-later,v2025.03.14,30,296429,15,5.060233647854967e-05,0.001023213584471087,0.0016032984072370492,0.0005800848227659622,20.220678642078656,31.684276237258086,11.463597595179428,0.5128896295946436,0.6994887780829065,5.058867226089442e-05
F06,v4_adaptive,0.0025,0.005,2025-10-21,v2025.03.14-or-later,v2025.03.14,30,297295,11,3.700028591130022e-05,0.0013539008894621586,0.009247774483152144,0.007893873593689985,36.59163317569568,249.93791954261062,213.34628636691494,0.5885209551686725,0.8169599990703716,3.697966153714324e-05
F06,v4_adaptive,0.005,0.005,2025-10-21,v2025.03.14-or-later,v2025.03.14,30,297295,11,3.700028591130022e-05,0.0013539008894621586,0.009240449307972754,0.007886548418510596,36.59163317569568,249.7399433648873,213.14831018919162,0.5885209551686725,0.7925071037061592,3.698074677690904e-05
F06,v4_adaptive,0.01,0.005,2025-10-21,v2025.03.14-or-later,v2025.03.14,30,297295,11,3.700028591130022e-05,0.0013539008894621586,0.0006807910145939147,-0.0006731098748682439,36.59163317569568,18.39961497124526,-18.192018204450417,0.5885209551686725,0.663473158815996,3.6991426459600623e-05
F06,v4_adaptive,0.0025,0.005,2025-10-28,v2025.03.14-or-later,v2025.03.14,30,298443,7,2.345506512131295e-05,0.002024172526045802,0.002313414829842981,0.00028924230379717914,86.30001731295532,98.63178029468982,12.331762981734505,0.6441163264485518,0.7622701589046131,2.3452703652010118e-05
F06,v4_adaptive,0.005,0.005,2025-10-28,v2025.03.14-or-later,v2025.03.14,30,298443,7,2.345506512131295e-05,0.002024172526045802,0.0022937008253766642,0.0002695282993308624,86.30001731295532,97.79127934684111,11.491262033885794,0.6441163264485518,0.7553880899087242,2.345176725103785e-05
F06,v4_adaptive,0.01,0.005,2025-10-28,v2025.03.14-or-later,v2025.03.14,30,298443,7,2.345506512131295e-05,0.002024172526045802,0.020625548713309957,0.018601376187264155,86.30001731295532,879.3643763780518,793.0643590650966,0.6441163264485518,0.6646033703325719,2.345173587955755e-05
F06,v4_adaptive,0.0025,0.005,2025-11-04,v2025.03.14-or-later,v2025.03.14,30,299256,5,1.6708102761515226e-05,6.166067150256952e-05,0.00023955752964735952,0.00017789685814479002,3.6904651822345884,14.337805618430043,10.647340436195455,0.623921724572349,0.7577311354013855,1.6717216841618405e-05
F06,v4_adaptive,0.005,0.005,2025-11-04,v2025.03.14-or-later,v2025.03.14,30,299256,5,1.6708102761515226e-05,6.166067150256952e-05,0.0002444171803369004,0.00018275650883433085,3.6904651822345884,14.628661543779891,10.938196361545302,0.623921724572349,0.7486257355865144,1.6715142424888542e-05
F06,v4_adaptive,0.01,0.005,2025-11-04,v2025.03.14-or-later,v2025.03.14,30,299256,5,1.6708102761515226e-05,6.166067150256952e-05,0.0009295160960312944,0.0008678554245287248,3.6904651822345884,55.6326537667882,51.94218858455361,0.623921724572349,0.7329586200213198,1.6709070677274724e-05
F06,v4_adaptive,0.0025,0.005,2025-11-11,v2025.03.14-or-later,v2025.03.14,30,300062,7,2.3328512107497783e-05,9.261285220503232e-05,0.0006774157926270232,0.0005848029404219909,3.9699425226209155,29.038105366749974,25.068162844129063,0.6303427704920764,0.8572875925128012,2.3326162319829236e-05
F06,v4_adaptive,0.005,0.005,2025-11-11,v2025.03.14-or-later,v2025.03.14,30,300062,7,2.3328512107497783e-05,9.261285220503232e-05,0.0006721811232549256,0.0005795682710498933,3.9699425226209155,28.81371602944564,24.843773506824725,0.6303427704920764,0.8494171306689012,2.332536792466728e-05
F06,v4_adaptive,0.01,0.005,2025-11-11,v2025.03.14-or-later,v2025.03.14,30,300062,7,2.3328512107497783e-05,9.261285220503232e-05,0.0006454104700148184,0.0005527976178097861,3.9699425226209155,27.666165207655208,23.696222685034293,0.6303427704920764,0.8319689009395896,2.3327279493838157e-05
F06,v4_adaptive,0.0025,0.005,2025-11-18,v2025.03.14-or-later,v2025.03.14,30,300981,7,2.3257282021124255e-05,3.7990918703518e-05,0.0013944765274219132,0.0013564856087183953,1.6335063860433645,59.95870567142498,58.32519928538162,0.55607057657567,0.7997342437742605,2.3256053584015174e-05
F06,v4_adaptive,0.005,0.005,2025-11-18,v2025.03.14-or-later,v2025.03.14,30,300981,7,2.3257282021124255e-05,3.7990918703518e-05,0.0013999187484017668,0.0013619278296982487,1.6335063860433645,60.192706401816025,58.55920001577266,0.55607057657567,0.7961791194113588,2.325499354991293e-05
F06,v4_adaptive,0.01,0.005,2025-11-18,v2025.03.14-or-later,v2025.03.14,30,300981,7,2.3257282021124255e-05,3.7990918703518e-05,0.0006266703400913445,0.0005886794213878265,1.6335063860433645,26.945123661576137,25.31161727553277,0.55607057657567,0.7366025446906187,2.325565693837848e-05
F06,v4_adaptive,0.0025,0.005,2025-11-25,v2025.03.14-or-later,v2025.03.14,30,301666,6,1.9889546717230314e-05,8.801317584712031e-05,8.945700477911514e-05,1.4438289319948288e-06,4.425097117516232,4.497689467282758,0.07259234976652534,0.6403108355985767,0.5689385400782337,1.989841814636192e-05
F06,v4_adaptive,0.005,0.005,2025-11-25,v2025.03.14-or-later,v2025.03.14,30,301666,6,1.9889546717230314e-05,8.801317584712031e-05,6.944504181331922e-05,-1.8568134033801096e-05,4.425097117516232,3.4915346639427924,-0.9335624535734403,0.6403108355985767,0.5985154368052332,1.9897342126150235e-05
F06,v4_adaptive,0.01,0.005,2025-11-25,v2025.03.14-or-later,v2025.03.14,30,301666,6,1.9889546717230314e-05,8.801317584712031e-05,7.595288982799012e-05,-1.206028601913019e-05,4.425097117516232,3.8187340771417446,-0.606363040374488,0.6403108355985767,0.7225844770050167,1.9893464186135897e-05
F06,v4_adaptive,0.0025,0.005,2025-12-02,v2025.03.14-or-later,v2025.03.14,30,302193,6,1.9854860966336084e-05,0.00011049911855681217,0.055652224926682474,0.055541725808125664,5.565343355673123,2802.952134544826,2797.386791189153,0.7186038777313385,0.7125543675494533,1.98492681602099e-05
F06,v4_adaptive,0.005,0.005,2025-12-02,v2025.03.14-or-later,v2025.03.14,30,302193,6,1.9854860966336084e-05,0.00011049911855681217,0.0556545236688722,0.05554402455031539,5.565343355673123,2803.067911844583,2797.5025684889097,0.7186038777313385,0.7295940372462526,1.984932217444542e-05
F06,v4_adaptive,0.01,0.005,2025-12-02,v2025.03.14-or-later,v2025.03.14,30,302193,6,1.9854860966336084e-05,0.00011049911855681217,0.00015751615419094312,4.7017035634130955e-05,5.565343355673123,7.933379863903946,2.3680365082308223,0.7186038777313385,0.7813759912460386,1.9856835089614946e-05
F06,v4_adaptive,0.0025,0.005,2025-12-09,v2025.03.14-or-later,v2025.03.14,30,303259,4,1.3190045472681766e-05,7.429686695606898e-05,0.00028968614026534637,0.00021538927330927738,5.632798394057631,21.96248230268217,16.32968390862454,0.6723005391502201,0.6655318955994131,1.3199593778270884e-05
F06,v4_adaptive,0.005,0.005,2025-12-09,v2025.03.14-or-later,v2025.03.14,30,303259,4,1.3190045472681766e-05,7.429686695606898e-05,0.000291388849902291,0.00021709198294622204,5.632798394057631,22.09157280812972,16.45877441407209,0.6723005391502201,0.6883212972580831,1.3197173094632507e-05
F06,v4_adaptive,0.01,0.005,2025-12-09,v2025.03.14-or-later,v2025.03.14,30,303259,4,1.3190045472681766e-05,7.429686695606898e-05,0.0500633197288247,0.049989022861868626,5.632798394057631,3795.5380694109126,3789.905271016855,0.6723005391502201,0.7627965738404973,1.3188607155489535e-05
F07,v4_adaptive,0.0025,0.005,2025-12-16,v2025.03.14-or-later,v2025.03.14,30,304791,3,9.842810319202339e-06,5.878670793121435e-05,0.0015785277175835364,0.001519741009652322,5.972553165687584,160.37368052333454,154.40112735764694,0.537384455206023,0.756717237336553,9.85304585814437e-06
F07,v4_adaptive,0.005,0.005,2025-12-16,v2025.03.14-or-later,v2025.03.14,30,304791,3,9.842810319202339e-06,5.878670793121435e-05,0.0010412129847473662,0.0009824262768161518,5.972553165687584,105.78411561137817,99.81156244569057,0.537384455206023,0.7408176612377565,9.847443495996869e-06
F07,v4_adaptive,0.01,0.005,2025-12-16,v2025.03.14-or-later,v2025.03.14,30,304791,3,9.842810319202339e-06,5.878670793121435e-05,3.8548360714792756e-05,-2.0238347216421595e-05,5.972553165687584,3.9163978035407996,-2.0561553621467845,0.537384455206023,0.4286476720430813,9.847659214644532e-06
F07,v4_adaptive,0.0025,0.005,2025-12-23,v2025.03.14-or-later,v2025.03.14,30,305904,8,2.615199539724881e-05,0.00011957356923488681,0.1271961788739556,0.1270766053047207,4.572254140403602,4863.727487782315,4859.155233641911,0.5296951414859953,0.8408100710699061,2.6098050344001188e-05
F07,v4_adaptive,0.005,0.005,2025-12-23,v2025.03.14-or-later,v2025.03.14,30,305904,8,2.615199539724881e-05,0.00011957356923488681,0.043600493797091015,0.04348092022785613,4.572254140403602,1667.1956818131664,1662.6234276727628,0.5296951414859953,0.8388061220153255,2.613211866590876e-05
F07,v4_adaptive,0.01,0.005,2025-12-23,v2025.03.14-or-later,v2025.03.14,30,305904,8,2.615199539724881e-05,0.00011957356923488681,0.0001470188200376542,2.744525080276738e-05,4.572254140403602,5.621705640599822,1.0494515001962192,0.5296951414859953,0.5932124398488375,2.615172347123795e-05
F07,v4_adaptive,0.0025,0.005,2025-12-30,v2025.03.14-or-later,v2025.03.14,30,306897,10,3.2584222067990236e-05,0.0001794501723253604,0.05345160254164802,0.05327215236932266,5.507271953613613,1640.4136465224153,1634.9063745688018,0.6453199386093252,0.8635879004324067,3.256683056126372e-05
F07,v4_adaptive,0.005,0.005,2025-12-30,v2025.03.14-or-later,v2025.03.14,30,306897,10,3.2584222067990236e-05,0.0001794501723253604,0.052862573896130825,0.052683123723805465,5.507271953613613,1622.3365341000863,1616.8292621464727,0.6453199386093252,0.8980289161808744,3.2569823110634115e-05
F07,v4_adaptive,0.01,0.005,2025-12-30,v2025.03.14-or-later,v2025.03.14,30,306897,10,3.2584222067990236e-05,0.0001794501723253604,0.05066135736432217,0.05048190719199681,5.507271953613613,1554.781859103838,1549.2745871502245,0.6453199386093252,0.8336381143547951,3.2570709870613614e-05
F07,v4_adaptive,0.0025,0.005,2026-01-06,v2025.03.14-or-later,v2025.03.14,30,307817,14,4.5481568594327146e-05,0.000210432937253477,0.07206978877284828,0.0718593558355948,4.6267739604681095,1584.59329790656,1579.966523946092,0.7296333090599229,0.7941330517060773,4.54669405539962e-05
F07,v4_adaptive,0.005,0.005,2026-01-06,v2025.03.14-or-later,v2025.03.14,30,307817,14,4.5481568594327146e-05,0.000210432937253477,0.08381186243983918,0.0836014295025857,4.6267739604681095,1842.7654329031413,1838.1386589426731,0.7296333090599229,0.7903727616132953,4.5461830461932746e-05
F07,v4_adaptive,0.01,0.005,2026-01-06,v2025.03.14-or-later,v2025.03.14,30,307817,14,4.5481568594327146e-05,0.000210432937253477,0.05738504550224301,0.05717461256498953,4.6267739604681095,1261.7208965259954,1257.0941225655274,0.7296333090599229,0.7900093566339509,4.546077875636035e-05
F07,v4_adaptive,0.0025,0.005,2026-01-13,v2025.03.14-or-later,v2025.03.14,30,308671,12,3.8876344068603786e-05,0.0002052394231964393,0.0004621995106105655,0.00025696008741412616,5.279288166455677,11.888965428306156,6.609677261850479,0.8006486662195713,0.7723477472982591,3.8875131486864836e-05
F07,v4_adaptive,0.005,0.005,2026-01-13,v2025.03.14-or-later,v2025.03.14,30,308671,12,3.8876344068603786e-05,0.0002052394231964393,0.021194749837346046,0.020989510414149606,5.279288166455677,545.1837189202868,539.9044307538311,0.8006486662195713,0.7824052325273738,3.886742849756253e-05
F07,v4_adaptive,0.01,0.005,2026-01-13,v2025.03.14-or-later,v2025.03.14,30,308671,12,3.8876344068603786e-05,0.0002052394231964393,0.020425741250571554,0.020220501827375115,5.279288166455677,525.4028314629311,520.1235432964754,0.8006486662195713,0.8184728130396327,3.8866894479838685e-05
F07,v4_adaptive,0.0025,0.005,2026-01-20,v2025.03.14-or-later,v2025.03.14,30,309842,16,5.163922257150419e-05,0.000538510111719885,0.0003858884750291757,-0.00015262163669070935,10.428315627219538,7.4727785549993655,-2.955537072220173,0.8314981634853111,0.8145387451343657,5.163952254775648e-05
F07,v4_adaptive,0.005,0.005,2026-01-20,v2025.03.14-or-later,v2025.03.14,30,309842,16,5.163922257150419e-05,0.000538510111719885,0.0003903777176526131,-0.00014813239406727196,10.428315627219538,7.559713299557559,-2.86860232766198,0.8314981634853111,0.8127944192869546,5.163094243199834e-05
F07,v4_adaptive,0.01,0.005,2026-01-20,v2025.03.14-or-later,v2025.03.14,30,309842,16,5.163922257150419e-05,0.000538510111719885,0.002701597065067457,0.002163086953347572,10.428315627219538,52.31676486466444,41.8884492374449,0.8314981634853111,0.8422797191003983,5.16295249256335e-05
F07,v4_adaptive,0.0025,0.005,2026-01-27,v2025.03.14-or-later,v2025.03.14,30,311114,13,4.1785326279113123e-05,0.0008039803538445963,0.0008380124489816772,3.403209513708086e-05,19.240734138923674,20.055185004037348,0.8144508651136749,0.7173144116194765,0.7450339526144489,4.178131966724034e-05
F07,v4_adaptive,0.005,0.005,2026-01-27,v2025.03.14-or-later,v2025.03.14,30,311114,13,4.1785326279113123e-05,0.0008039803538445963,0.0007822428456131253,-2.1737508231471094e-05,19.240734138923674,18.72051543616014,-0.5202187027635305,0.7173144116194765,0.7291054129588882,4.177798806350346e-05
F07,v4_adaptive,0.01,0.005,2026-01-27,v2025.03.14-or-later,v2025.03.14,30,311114,13,4.1785326279113123e-05,0.0008039803538445963,0.0002810827040316329,-0.0005228976498129635,19.240734138923674,6.72682802939211,-12.513906109531563,0.7173144116194765,0.6592678410399986,4.177952880750404e-05
F07,v4_adaptive,0.0025,0.005,2026-02-03,v2025.03.14-or-later,v2025.03.14,30,311992,17,5.448857663017e-05,0.0023845362279023476,0.0025901314250824704,0.00020559519718012275,43.76213098915937,47.53531079849001,3.773179809330639,0.6033125768938876,0.6989176168904937,5.4464167121796625e-05
F07,v4_adaptive,0.005,0.005,2026-02-03,v2025.03.14-or-later,v2025.03.14,30,311992,17,5.448857663017e-05,0.0023845362279023476,0.0020344058333180383,-0.0003501303945843094,43.76213098915937,37.33637322050361,-6.425757768655757,0.6033125768938876,0.6857327368803119,5.447164897313013e-05
F07,v4_adaptive,0.01,0.005,2026-02-03,v2025.03.14-or-later,v2025.03.14,30,311992,17,5.448857663017e-05,0.0023845362279023476,0.0005133334770791722,-0.0018712027508231755,43.76213098915937,9.420937540052066,-34.34119344910731,0.6033125768938876,0.5962189655091141,5.447781149780456e-05
F07,v4_adaptive,0.0025,0.005,2026-02-10,v2025.03.14-or-later,v2025.03.14,30,313176,19,6.066876133547909e-05,0.0025268437710475,0.0035135759951944114,0.0009867322241469112,41.64983288639852,57.9140882037371,16.264255317338584,0.7017411646386217,0.753818708389587,6.0642194592308866e-05
F07,v4_adaptive,0.005,0.005,2026-02-10,v2025.03.14-or-later,v2025.03.14,30,313176,19,6.066876133547909e-05,0.0025268437710475,0.06449937232509807,0.061972528554050575,41.64983288639852,1063.139759330785,1021.4899264443865,0.7017411646386217,0.750124075984755,6.0635014828678166e-05
F07,v4_adaptive,0.01,0.005,2026-02-10,v2025.03.14-or-later,v2025.03.14,30,313176,19,6.066876133547909e-05,0.0025268437710475,0.06267784518574192,0.06015100141469442,41.64983288639852,1033.1156233626268,991.4657904762284,0.7017411646386217,0.7206539077506608,6.0638644672221935e-05
F07,v4_adaptive,0.0025,0.005,2026-02-17,v2025.03.14-or-later,v2025.03.14,30,314180,17,5.4109109427716596e-05,0.0020116450715498622,0.06292457426657827,0.06091292919502841,37.1775675635021,1162.9201613572682,1125.7425937937662,0.6412400943609078,0.6644079103934619,5.408583199633301e-05
F07,v4_adaptive,0.005,0.005,2026-02-17,v2025.03.14-or-later,v2025.03.14,30,314180,17,5.4109109427716596e-05,0.0020116450715498622,0.007896970039738018,0.0058853249681881555,37.1775675635021,145.9452968873465,108.76772932384439,0.6412400943609078,0.662584390905358,5.4094424097064406e-05
F07,v4_adaptive,0.01,0.005,2026-02-17,v2025.03.14-or-later,v2025.03.14,30,314180,17,5.4109109427716596e-05,0.0020116450715498622,0.0002484485926905686,-0.0017631964788592937,37.1775675635021,4.591622285383697,-32.5859452781184,0.6412400943609078,0.630701166554417,5.410165045842793e-05
F07,v4_adaptive,0.0025,0.005,2026-02-24,v2025.03.14-or-later,v2025.03.14,30,315577,18,5.703837732154118e-05,0.0017328049589546458,0.0002734296914801492,-0.0014593752674744967,30.379632807335014,4.793784541568391,-25.585848265766625,0.6031959686355536,0.6262186046560759,5.7040184022924085e-05
F07,v4_adaptive,0.005,0.005,2026-02-24,v2025.03.14-or-later,v2025.03.14,30,315577,18,5.703837732154118e-05,0.0017328049589546458,0.0003150778871916546,-0.0014177270717629913,30.379632807335014,5.523963022571155,-24.85566978476386,0.6031959686355536,0.6786041243916,5.702946108245504e-05
F07,v4_adaptive,0.01,0.005,2026-02-24,v2025.03.14-or-later,v2025.03.14,30,315577,18,5.703837732154118e-05,0.0017328049589546458,0.002387262532000568,0.0006544575730459221,30.379632807335014,41.853619336730176,11.473986529395164,0.6031959686355536,0.7426685659417098,5.7027931733094915e-05
F07,v4_adaptive,0.0025,0.005,2026-03-03,v2025.03.14-or-later,v2025.03.14,30,316574,18,5.685874392717027e-05,0.0018437811217575822,0.00028099732943502153,-0.0015627837923225607,32.427398046626934,4.942024920475695,-27.48537312615124,0.5957900550508177,0.5972546019591408,5.685752759173235e-05
F07,v4_adaptive,0.005,0.005,2026-03-03,v2025.03.14-or-later,v2025.03.14,30,316574,18,5.685874392717027e-05,0.0018437811217575822,0.00030161871626478964,-0.0015421624054927925,32.427398046626934,5.304702415711639,-27.122695630915292,0.5957900550508177,0.6115687271762342,5.685017167553082e-05
F07,v4_adaptive,0.01,0.005,2026-03-03,v2025.03.14-or-later,v2025.03.14,30,316574,18,5.685874392717027e-05,0.0018437811217575822,0.0019637397025459745,0.00011995858078839229,32.427398046626934,34.53716292187718,2.10976487525025,0.5957900550508177,0.6805179108207641,5.684897284815023e-05
F07,v4_adaptive,0.0025,0.005,2026-03-10,v2025.03.14-or-later,v2025.03.14,30,317940,12,3.7742970371768255e-05,0.00020049372662128204,0.006582309028569132,0.00638181530194785,5.312081286830868,174.39827771193916,169.0861964251083,0.5788412261057011,0.6205673926171964,3.77428852900496e-05
F07,v4_adaptive,0.005,0.005,2026-03-10,v2025.03.14-or-later,v2025.03.14,30,317940,12,3.7742970371768255e-05,0.00020049372662128204,0.0032431779829529416,0.0030426842563316594,5.312081286830868,85.92800065833819,80.61591937150732,0.5788412261057011,0.6288635582060509,3.773701543967174e-05
F07,v4_adaptive,0.01,0.005,2026-03-10,v2025.03.14-or-later,v2025.03.14,30,317940,12,3.7742970371768255e-05,0.00020049372662128204,0.003115445700831081,0.002914951974209799,5.312081286830868,82.5437338435195,77.23165255668863,0.5788412261057011,0.6089911342610067,3.773871012758921e-05
F08,v4_adaptive,0.0025,0.005,2026-03-17,v2025.03.14-or-later,v2025.03.14,30,319360,17,5.3231462925851704e-05,0.00023784865963555349,0.0002280616343934884,-9.78702524206509e-06,4.468196937718257,4.284339032935556,-0.18385790478270042,0.6208791542783336,0.6283020230322145,5.3240312596357374e-05
F08,v4_adaptive,0.005,0.005,2026-03-17,v2025.03.14-or-later,v2025.03.14,30,319360,17,5.3231462925851704e-05,0.00023784865963555349,0.00024719478572418597,9.346126088632484e-06,4.468196937718257,4.64377216287506,0.17557522515680413,0.6208791542783336,0.6343401553667816,5.322553305869679e-05
F08,v4_adaptive,0.01,0.005,2026-03-17,v2025.03.14-or-later,v2025.03.14,30,319360,17,5.3231462925851704e-05,0.00023784865963555349,0.0006769989020715443,0.0004391502424359908,4.468196937718257,12.718021727386375,8.24982478966812,0.6208791542783336,0.6508680229684807,5.322746269089499e-05
F08,v4_adaptive,0.0025,0.005,2026-03-24,v2025.03.14-or-later,v2025.03.14,30,320709,20,6.236182957135597e-05,0.0002409643407214504,0.002669557078878324,0.0024285927381568735,3.863971637421782,42.80754906049942,38.943577423077635,0.5438366298812869,0.791409200190839,6.23303279970897e-05
F08,v4_adaptive,0.005,0.005,2026-03-24,v2025.03.14-or-later,v2025.03.14,30,320709,20,6.236182957135597e-05,0.0002409643407214504,0.0004396241772489155,0.00019865983652746507,3.863971637421782,7.049571513066121,3.1855998756443396,0.5438366298812869,0.7926236166503996,6.235199218221375e-05
F08,v4_adaptive,0.01,0.005,2026-03-24,v2025.03.14-or-later,v2025.03.14,30,320709,20,6.236182957135597e-05,0.0002409643407214504,0.000602879127600363,0.0003619147868789126,3.863971637421782,9.66743810667924,5.803466469257459,0.5438366298812869,0.7721701555089199,6.234364548627941e-05
F08,v4_adaptive,0.0025,0.005,2026-03-31,v2025.03.14-or-later,v2025.03.14,30,322346,22,6.824964479162143e-05,0.0003718384016256146,0.00028772129008138866,-8.411711154422593e-05,5.448210064109562,4.215718498753423,-1.2324915653561388,0.6391263138953351,0.6867487796017785,6.824774476197925e-05
F08,v4_adaptive,0.005,0.005,2026-03-31,v2025.03.14-or-later,v2025.03.14,30,322346,22,6.824964479162143e-05,0.0003718384016256146,0.00035350215232821645,-1.8336249297398136e-05,5.448210064109562,5.17954567247233,-0.2686643916372318,0.6391263138953351,0.701078657725541,6.824029513216313e-05
F08,v4_adaptive,0.01,0.005,2026-03-31,v2025.03.14-or-later,v2025.03.14,30,322346,22,6.824964479162143e-05,0.0003718384016256146,0.00026075228748855466,-0.00011108611413705992,5.448210064109562,3.820566221035711,-1.627643843073851,0.6391263138953351,0.6540498916392428,6.824357289065365e-05
F08,v4_adaptive,0.0025,0.005,2026-04-07,v2025.03.14-or-later,v2025.03.14,30,323694,22,6.796542413513998e-05,0.00037619352240669406,0.0004317517963741239,5.555827396742984e-05,5.535072092814201,6.352521180705712,0.8174490878915106,0.6492712038449698,0.6838361478174313,6.796009532227761e-05
F08,v4_adaptive,0.005,0.005,2026-04-07,v2025.03.14-or-later,v2025.03.14,30,323694,22,6.796542413513998e-05,0.00037619352240669406,0.0003594950528330112,-1.669846957368283e-05,5.535072092814201,5.289381437805852,-0.24569065500834955,0.6492712038449698,0.693299712503567,6.795614805992131e-05
F08,v4_adaptive,0.01,0.005,2026-04-07,v2025.03.14-or-later,v2025.03.14,30,323694,22,6.796542413513998e-05,0.00037619352240669406,0.00026264107082934915,-0.00011355245157734491,5.535072092814201,3.864333580956152,-1.6707385118580491,0.6492712038449698,0.6597268643452744,6.79594592201878e-05
F08,v4_adaptive,0.0025,0.005,2026-04-14,v2025.03.14-or-later,v2025.03.14,30,325277,15,4.611454237465299e-05,0.00021216978982167435,0.033578578732300954,0.03336640894247928,4.600930181588318,728.1559569537771,723.5550267721889,0.6305672555252894,0.6415203743443747,4.610988394745883e-05
F08,v4_adaptive,0.005,0.005,2026-04-14,v2025.03.14-or-later,v2025.03.14,30,325277,15,4.611454237465299e-05,0.00021216978982167435,0.011505185651795811,0.011293015861974136,4.600930181588318,249.49148488394573,244.8905547023574,0.6305672555252894,0.6485583929263179,4.6107731086138464e-05
F08,v4_adaptive,0.01,0.005,2026-04-14,v2025.03.14-or-later,v2025.03.14,30,325277,15,4.611454237465299e-05,0.00021216978982167435,0.0085276025309937,0.008315432741172026,4.600930181588318,184.9221978982692,180.32126771668086,0.6305672555252894,0.6308985781718532,4.610804807880832e-05
F08,v4_adaptive,0.0025,0.005,2026-04-21,v2025.03.14-or-later,v2025.03.14,30,326375,14,4.289544235924933e-05,0.0014833486020351156,0.001752426325780186,0.00026907772374507055,34.580564284943634,40.853438719750585,6.272874434806957,0.8115611021449954,0.9207382972492775,4.28733981899518e-05
F08,v4_adaptive,0.005,0.005,2026-04-21,v2025.03.14-or-later,v2025.03.14,30,326375,14,4.289544235924933e-05,0.0014833486020351156,0.001803563244832459,0.00032021464279734344,34.580564284943634,42.0455681451567,7.465003860213069,0.8115611021449954,0.9195903572161764,4.2884154355819804e-05
F08,v4_adaptive,0.01,0.005,2026-04-21,v2025.03.14-or-later,v2025.03.14,30,326375,14,4.289544235924933e-05,0.0014833486020351156,0.00852055668190789,0.007037208079872775,34.580564284943634,198.63547764697768,164.05491336203406,0.8115611021449954,0.9183353928406186,4.288132087580006e-05
F08,v4_adaptive,0.0025,0.005,2026-04-28,v2025.03.14-or-later,v2025.03.14,30,327871,7,2.1349860158415962e-05,0.002407674056898647,0.0005507259429398808,-0.0018569481139587662,112.77235724420234,25.795295091091663,-86.97706215311067,0.8478160369630613,0.9757747986098766,2.1352182510004893e-05
F08,v4_adaptive,0.005,0.005,2026-04-28,v2025.03.14-or-later,v2025.03.14,30,327871,7,2.1349860158415962e-05,0.002407674056898647,0.0022329481670269233,-0.00017472588987172376,112.77235724420234,104.58842121018348,-8.18393603401885,0.8478160369630613,0.9779159302986256,2.1344378004020793e-05
F08,v4_adaptive,0.01,0.005,2026-04-28,v2025.03.14-or-later,v2025.03.14,30,327871,7,2.1349860158415962e-05,0.002407674056898647,0.0005146577747837904,-0.0018930162821148566,112.77235724420234,24.105908468019447,-88.66644877618288,0.8478160369630613,0.9743648063134192,2.134602361716248e-05
F08,v4_adaptive,0.0025,0.005,2026-05-05,v2025.03.14-or-later,v2025.03.14,30,328957,8,2.431928793124937e-05,0.0026101747282469417,0.0004542706036574641,-0.0021559041245894778,107.32940600999116,18.679436870918554,-88.64996913907261,0.9802300280590608,0.9662421074391471,2.432544230666805e-05
F08,v4_adaptive,0.005,0.005,2026-05-05,v2025.03.14-or-later,v2025.03.14,30,328957,8,2.431928793124937e-05,0.0026101747282469417,0.0023498033089039087,-0.0002603714193430331,107.32940600999116,96.62303088588789,-10.706375124103268,0.9802300280590608,0.9764807766553478,2.431223128293214e-05
F08,v4_adaptive,0.01,0.005,2026-05-05,v2025.03.14-or-later,v2025.03.14,30,328957,8,2.431928793124937e-05,0.0026101747282469417,0.0005172421848000992,-0.0020929325434468427,107.32940600999116,21.26880467316078,-86.06060133683039,0.9802300280590608,0.9674174416094896,2.4314827367590744e-05
F08,v4_adaptive,0.0025,0.005,2026-05-12,v2025.03.14-or-later,v2025.03.14,30,330809,10,3.0228923638715996e-05,0.002098842806009712,0.001117696422595107,-0.0009811463834146052,69.43160898132669,36.97440358622647,-32.45720539510021,0.8130721374611168,0.9715510022702608,3.022046634676919e-05
F08,v4_adaptive,0.005,0.005,2026-05-12,v2025.03.14-or-later,v2025.03.14,30,330809,10,3.0228923638715996e-05,0.002098842806009712,0.0020426694986379,-5.6173307371812104e-05,69.43160898132669,67.57334541749051,-1.858263563836179,0.8130721374611168,0.97024900317111,3.0220834660262562e-05
F08,v4_adaptive,0.01,0.005,2026-05-12,v2025.03.14-or-later,v2025.03.14,30,330809,10,3.0228923638715996e-05,0.002098842806009712,0.0006781842427054686,-0.0014206585633042435,69.43160898132669,22.434945114515337,-46.99666386681135,0.8130721374611168,0.9699086152013761,3.0220447699431796e-05
F08,v4_adaptive,0.0025,0.005,2026-05-19,v2025.03.14-or-later,v2025.03.14,30,332405,12,3.6100540003910894e-05,0.001743033370782834,0.001105560079524414,-0.0006374732912584201,48.28275063458899,30.6244748528594,-17.658275781729593,0.7000858170900109,0.971091950392056,3.60844647169216e-05
F08,v4_adaptive,0.005,0.005,2026-05-19,v2025.03.14-or-later,v2025.03.14,30,332405,12,3.6100540003910894e-05,0.001743033370782834,0.0019137431818423269,0.0001707098110594928,48.28275063458899,53.01148353002488,4.728732895435892,0.7000858170900109,0.968679645279333,3.609011370120152e-05
F08,v4_adaptive,0.01,0.005,2026-05-19,v2025.03.14-or-later,v2025.03.14,30,332405,12,3.6100540003910894e-05,0.001743033370782834,0.0008757132051139061,-0.000867320165668928,48.28275063458899,24.25762066215733,-24.025129972431667,0.7000858170900109,0.9717949335074244,3.608521592803271e-05
F08,v4_adaptive,0.0025,0.005,2026-05-26,v2025.03.14-or-later,v2025.03.14,30,333397,10,2.9994271094221003e-05,0.00011240080367162623,0.0020433247747701487,0.0019309239710985225,3.747409074170917,68.12383499340433,64.37642591923341,0.2837691631647305,0.890564719080228,2.996737562925705e-05
F08,v4_adaptive,0.005,0.005,2026-05-26,v2025.03.14-or-later,v2025.03.14,30,333397,10,2.9994271094221003e-05,0.00011240080367162623,0.00044131619048065607,0.00032891538680902984,3.747409074170917,14.71334939576793,10.965940321597012,0.2837691631647305,0.870509048043265,2.9989920211360928e-05
F08,v4_adaptive,0.01,0.005,2026-05-26,v2025.03.14-or-later,v2025.03.14,30,333397,10,2.9994271094221003e-05,0.00011240080367162623,0.0008275701339020382,0.000715169330230412,3.747409074170917,27.590939993253784,23.843530919082866,0.2837691631647305,0.9032250807619974,2.9980284579328284e-05
F08,v4_adaptive,0.0025,0.005,2026-06-02,v2025.03.14-or-later,v2025.03.14,30,335675,7,2.0853504133462425e-05,1.4642806076816767e-05,0.0018947900356176756,0.001880147229540859,0.7021748471193526,90.86194931513762,90.15977446801827,0.2366792272636738,0.8602405182671994,2.0858355616679444e-05
F08,v4_adaptive,0.005,0.005,2026-06-02,v2025.03.14-or-later,v2025.03.14,30,335675,7,2.0853504133462425e-05,1.4642806076816767e-05,0.0004655681173358501,0.00045092531125903333,0.7021748471193526,22.325653969530215,21.62347912241086,0.2366792272636738,0.8485040065098337,2.085071136443406e-05
F08,v4_adaptive,0.01,0.005,2026-06-02,v2025.03.14-or-later,v2025.03.14,30,335675,7,2.0853504133462425e-05,1.4642806076816767e-05,0.0025567323213615285,0.0025420895152847116,0.7021748471193526,122.6044459961473,121.90227114902795,0.2366792272636738,0.8849639269414166,2.0841698780400526e-05
F08,v4_adaptive,0.0025,0.005,2026-06-09,v2025.03.14-or-later,v2025.03.14,30,337254,7,2.075586946337182e-05,1.5139591128563552e-05,0.0020247422319584637,0.0020096026408299,0.729412523781796,97.5503452424171,96.8209327186353,0.24512216353507751,0.861762616547685,2.0746790062137794e-05
F08,v4_adaptive,0.005,0.005,2026-06-09,v2025.03.14-or-later,v2025.03.14,30,337254,7,2.075586946337182e-05,1.5139591128563552e-05,0.00034806208327628865,0.0003329224921477251,0.729412523781796,16.769332833323062,16.03992030954127,0.24512216353507751,0.8412757245749088,2.075383781190134e-05
F08,v4_adaptive,0.01,0.005,2026-06-09,v2025.03.14-or-later,v2025.03.14,30,337254,7,2.075586946337182e-05,1.5139591128563552e-05,0.0037194487569722104,0.003704309165843647,0.729412523781796,179.19985301198653,178.47044048820476,0.24512216353507751,0.8819051233750252,2.074633608422574e-05
