fold_id,fold_family,train_start,train_end,test_start,test_end,train_dates,test_dates,negative_sample_rate,primary_negative_sample_rate,train_rows,train_events,train_non_events,inverse_probability_non_event_weight,status,fit_warning_count,fit_warnings,test_candidate_rows,test_future_kev_events
F01,v3_internal,2023-04-04,2024-05-28,2024-07-02,2024-09-24,61,13,0.0025,0.005,33496,428,33068,400.0,PASS,1,scipy.optimize: The `disp` and `iprint` options of the L-BFGS-B solver are deprecated and will be removed in SciPy 1.18.0.,3315903,156
F01,v3_internal,2023-04-04,2024-05-28,2024-07-02,2024-09-24,61,13,0.005,0.005,66628,428,66200,200.0,PASS,1,scipy.optimize: The `disp` and `iprint` options of the L-BFGS-B solver are deprecated and will be removed in SciPy 1.18.0.,3315903,156
F01,v3_internal,2023-04-04,2024-05-28,2024-07-02,2024-09-24,61,13,0.01,0.005,132870,428,132442,100.0,PASS,1,scipy.optimize: The `disp` and `iprint` options of the L-BFGS-B solver are deprecated and will be removed in SciPy 1.18.0.,3315903,156
F02,v3_internal,2023-04-04,2024-08-27,2024-10-01,2024-12-24,74,13,0.0025,0.005,41778,557,41221,400.0,PASS,1,scipy.optimize: The `disp` and `iprint` options of the L-BFGS-B solver are deprecated and will be removed in SciPy 1.18.0.,3439782,135
F02,v3_internal,2023-04-04,2024-08-27,2024-10-01,2024-12-24,74,13,0.005,0.005,83189,557,82632,200.0,PASS,1,scipy.optimize: The `disp` and `iprint` options of the L-BFGS-B solver are deprecated and will be removed in SciPy 1.18.0.,3439782,135
F02,v3_internal,2023-04-04,2024-08-27,2024-10-01,2024-12-24,74,13,0.01,0.005,165933,557,165376,100.0,PASS,1,scipy.optimize: The `disp` and `iprint` options of the L-BFGS-B solver are deprecated and will be removed in SciPy 1.18.0.,3439782,135
F03,v3_internal,2023-04-04,2024-11-26,2024-12-31,2025-03-11,87,11,0.0025,0.005,50429,712,49717,400.0,PASS,1,scipy.optimize: The `disp` and `iprint` options of the L-BFGS-B solver are deprecated and will be removed in SciPy 1.18.0.,3026232,157
F03,v3_internal,2023-04-04,2024-11-26,2024-12-31,2025-03-11,87,11,0.005,0.005,100481,712,99769,200.0,PASS,1,scipy.optimize: The `disp` and `iprint` options of the L-BFGS-B solver are deprecated and will be removed in SciPy 1.18.0.,3026232,157
F03,v3_internal,2023-04-04,2024-11-26,2024-12-31,2025-03-11,87,11,0.01,0.005,200265,712,199553,100.0,PASS,1,scipy.optimize: The `disp` and `iprint` options of the L-BFGS-B solver are deprecated and will be removed in SciPy 1.18.0.,3026232,157
F04,v4_transport,2023-04-04,2025-02-11,2025-03-18,2025-06-10,98,13,0.0025,0.005,58069,850,57219,400.0,PASS,1,scipy.optimize: The `disp` and `iprint` options of the L-BFGS-B solver are deprecated and will be removed in SciPy 1.18.0.,3578390,141
F04,v4_transport,2023-04-04,2025-02-11,2025-03-18,2025-06-10,98,13,0.005,0.005,115414,850,114564,200.0,PASS,1,scipy.optimize: The `disp` and `iprint` options of the L-BFGS-B solver are deprecated and will be removed in SciPy 1.18.0.,3578390,141
F04,v4_transport,2023-04-04,2025-02-11,2025-03-18,2025-06-10,98,13,0.01,0.005,230174,850,229324,100.0,PASS,1,scipy.optimize: The `disp` and `iprint` options of the L-BFGS-B solver are deprecated and will be removed in SciPy 1.18.0.,3578390,141
F05,v4_adaptive,2023-04-04,2025-05-13,2025-06-17,2025-09-09,111,13,0.0025,0.005,66933,999,65934,400.0,PASS,1,scipy.optimize: The `disp` and `iprint` options of the L-BFGS-B solver are deprecated and will be removed in SciPy 1.18.0.,3723308,118
F05,v4_adaptive,2023-04-04,2025-05-13,2025-06-17,2025-09-09,111,13,0.005,0.005,133145,999,132146,200.0,PASS,1,scipy.optimize: The `disp` and `iprint` options of the L-BFGS-B solver are deprecated and will be removed in SciPy 1.18.0.,3723308,118
F05,v4_adaptive,2023-04-04,2025-05-13,2025-06-17,2025-09-09,111,13,0.01,0.005,265755,999,264756,100.0,PASS,1,scipy.optimize: The `disp` and `iprint` options of the L-BFGS-B solver are deprecated and will be removed in SciPy 1.18.0.,3723308,118
F06,v4_adaptive,2023-04-04,2025-08-12,2025-09-16,2025-12-09,124,13,0.0025,0.005,76288,1127,75161,400.0,PASS,1,scipy.optimize: The `disp` and `iprint` options of the L-BFGS-B solver are deprecated and will be removed in SciPy 1.18.0.,3876495,149
F06,v4_adaptive,2023-04-04,2025-08-12,2025-09-16,2025-12-09,124,13,0.005,0.005,151974,1127,150847,200.0,PASS,1,scipy.optimize: The `disp` and `iprint` options of the L-BFGS-B solver are deprecated and will be removed in SciPy 1.18.0.,3876495,149
F06,v4_adaptive,2023-04-04,2025-08-12,2025-09-16,2025-12-09,124,13,0.01,0.005,302665,1127,301538,100.0,PASS,1,scipy.optimize: The `disp` and `iprint` options of the L-BFGS-B solver are deprecated and will be removed in SciPy 1.18.0.,3876495,149
F07,v4_adaptive,2023-04-04,2025-11-11,2025-12-16,2026-03-10,137,13,0.0025,0.005,85952,1289,84663,400.0,PASS,1,scipy.optimize: The `disp` and `iprint` options of the L-BFGS-B solver are deprecated and will be removed in SciPy 1.18.0.,4044475,177
F07,v4_adaptive,2023-04-04,2025-11-11,2025-12-16,2026-03-10,137,13,0.005,0.005,171175,1289,169886,200.0,PASS,1,scipy.optimize: The `disp` and `iprint` options of the L-BFGS-B solver are deprecated and will be removed in SciPy 1.18.0.,4044475,177
F07,v4_adaptive,2023-04-04,2025-11-11,2025-12-16,2026-03-10,137,13,0.01,0.005,341034,1289,339745,100.0,PASS,1,scipy.optimize: The `disp` and `iprint` options of the L-BFGS-B solver are deprecated and will be removed in SciPy 1.18.0.,4044475,177
F08,v4_adaptive,2023-04-04,2026-02-10,2026-03-17,2026-06-09,150,13,0.0025,0.005,95849,1424,94425,400.0,PASS,1,scipy.optimize: The `disp` and `iprint` options of the L-BFGS-B solver are deprecated and will be removed in SciPy 1.18.0.,4264129,171
F08,v4_adaptive,2023-04-04,2026-02-10,2026-03-17,2026-06-09,150,13,0.005,0.005,191069,1424,189645,200.0,PASS,1,scipy.optimize: The `disp` and `iprint` options of the L-BFGS-B solver are deprecated and will be removed in SciPy 1.18.0.,4264129,171
F08,v4_adaptive,2023-04-04,2026-02-10,2026-03-17,2026-06-09,150,13,0.01,0.005,380655,1424,379231,100.0,PASS,1,scipy.optimize: The `disp` and `iprint` options of the L-BFGS-B solver are deprecated and will be removed in SciPy 1.18.0.,4264129,171
