decision_date,model_version,expected_version_regime,candidate_cves,future_kev_events,current_file,lag1_file,lag4_file,sample_file,sample_sha256,sample_rows,sample_events,sample_non_events,negative_sample_rate_max,negative_sample_rates_requested,primary_negative_sample_rate,sampling_seed,sampling_design
2023-04-04,v2023.03.01,v2023.03.01,198310,11,/content/VULN_PU_RAW/epss/epss_scores-2023-04-04.csv.gz,/content/VULN_PU_RAW/epss/epss_scores-2023-03-28.csv.gz,/content/VULN_PU_RAW/epss/epss_scores-2023-03-07.csv.gz,/content/VULN_PU_RESULTS/trajectory_model/trajectory_samples/trajectory_sample_2023-04-04.csv.gz,321d441180c74e1add4089b382cc722d0784befe788495d6e0041377399538ee,1962,11,1951,0.01,0.0025;0.005;0.01,0.005,260711,all events plus nested deterministic-hash sample of non-events
2023-04-11,v2023.03.01,v2023.03.01,198938,8,/content/VULN_PU_RAW/epss/epss_scores-2023-04-11.csv.gz,/content/VULN_PU_RAW/epss/epss_scores-2023-04-04.csv.gz,/content/VULN_PU_RAW/epss/epss_scores-2023-03-14.csv.gz,/content/VULN_PU_RESULTS/trajectory_model/trajectory_samples/trajectory_sample_2023-04-11.csv.gz,24b8cc04d52b670bb7ec79eed24646b940e1002c0275576c7dbf432573281a69,2056,8,2048,0.01,0.0025;0.005;0.01,0.005,260711,all events plus nested deterministic-hash sample of non-events
2023-04-18,v2023.03.01,v2023.03.01,199574,12,/content/VULN_PU_RAW/epss/epss_scores-2023-04-18.csv.gz,/content/VULN_PU_RAW/epss/epss_scores-2023-04-11.csv.gz,/content/VULN_PU_RAW/epss/epss_scores-2023-03-21.csv.gz,/content/VULN_PU_RESULTS/trajectory_model/trajectory_samples/trajectory_sample_2023-04-18.csv.gz,71ea81eb4d8522db6ac683a2e77156c17313fbce7b4b003c4b53961b97ad158c,1940,12,1928,0.01,0.0025;0.005;0.01,0.005,260711,all events plus nested deterministic-hash sample of non-events
2023-04-25,v2023.03.01,v2023.03.01,200135,12,/content/VULN_PU_RAW/epss/epss_scores-2023-04-25.csv.gz,/content/VULN_PU_RAW/epss/epss_scores-2023-04-18.csv.gz,/content/VULN_PU_RAW/epss/epss_scores-2023-03-28.csv.gz,/content/VULN_PU_RESULTS/trajectory_model/trajectory_samples/trajectory_sample_2023-04-25.csv.gz,8d4e5dd83b3ba7241cf48708f47bc2d1d0ee4364a3d5d2e3c725394672b017cd,1967,12,1955,0.01,0.0025;0.005;0.01,0.005,260711,all events plus nested deterministic-hash sample of non-events
2023-05-02,v2023.03.01,v2023.03.01,200563,10,/content/VULN_PU_RAW/epss/epss_scores-2023-05-02.csv.gz,/content/VULN_PU_RAW/epss/epss_scores-2023-04-25.csv.gz,/content/VULN_PU_RAW/epss/epss_scores-2023-04-04.csv.gz,/content/VULN_PU_RESULTS/trajectory_model/trajectory_samples/trajectory_sample_2023-05-02.csv.gz,d0e9e3e5d889da6e921d262bc78344edab747e97b34b8dd0bcc97ad1a3a44938,1990,10,1980,0.01,0.0025;0.005;0.01,0.005,260711,all events plus nested deterministic-hash sample of non-events
2023-05-09,v2023.03.01,v2023.03.01,201100,11,/content/VULN_PU_RAW/epss/epss_scores-2023-05-09.csv.gz,/content/VULN_PU_RAW/epss/epss_scores-2023-05-02.csv.gz,/content/VULN_PU_RAW/epss/epss_scores-2023-04-11.csv.gz,/content/VULN_PU_RESULTS/trajectory_model/trajectory_samples/trajectory_sample_2023-05-09.csv.gz,2014e7fde5291c5778ba32001a7bfddbbce7c528e1b89fec11efb08a8dc563cc,2051,11,2040,0.01,0.0025;0.005;0.01,0.005,260711,all events plus nested deterministic-hash sample of non-events
2023-05-16,v2023.03.01,v2023.03.01,201833,4,/content/VULN_PU_RAW/epss/epss_scores-2023-05-16.csv.gz,/content/VULN_PU_RAW/epss/epss_scores-2023-05-09.csv.gz,/content/VULN_PU_RAW/epss/epss_scores-2023-04-18.csv.gz,/content/VULN_PU_RESULTS/trajectory_model/trajectory_samples/trajectory_sample_2023-05-16.csv.gz,4cb592d46656d85867b0c575fce1f9a4c8064222b390d4719e192e2299982841,2048,4,2044,0.01,0.0025;0.005;0.01,0.005,260711,all events plus nested deterministic-hash sample of non-events
2023-05-23,v2023.03.01,v2023.03.01,202243,6,/content/VULN_PU_RAW/epss/epss_scores-2023-05-23.csv.gz,/content/VULN_PU_RAW/epss/epss_scores-2023-05-16.csv.gz,/content/VULN_PU_RAW/epss/epss_scores-2023-04-25.csv.gz,/content/VULN_PU_RESULTS/trajectory_model/trajectory_samples/trajectory_sample_2023-05-23.csv.gz,e3cb494696874a1aa87e5238d9dd6855b027c78e21fdd10bbec2e3a11f0f8df4,1939,6,1933,0.01,0.0025;0.005;0.01,0.005,260711,all events plus nested deterministic-hash sample of non-events
2023-05-30,v2023.03.01,v2023.03.01,202675,16,/content/VULN_PU_RAW/epss/epss_scores-2023-05-30.csv.gz,/content/VULN_PU_RAW/epss/epss_scores-2023-05-23.csv.gz,/content/VULN_PU_RAW/epss/epss_scores-2023-05-02.csv.gz,/content/VULN_PU_RESULTS/trajectory_model/trajectory_samples/trajectory_sample_2023-05-30.csv.gz,64fb8c8fee152f43e233a76517fde02b4a732f3f7df44236ecb8cf016c391f44,2150,16,2134,0.01,0.0025;0.005;0.01,0.005,260711,all events plus nested deterministic-hash sample of non-events
2023-06-06,v2023.03.01,v2023.03.01,203275,14,/content/VULN_PU_RAW/epss/epss_scores-2023-06-06.csv.gz,/content/VULN_PU_RAW/epss/epss_scores-2023-05-30.csv.gz,/content/VULN_PU_RAW/epss/epss_scores-2023-05-09.csv.gz,/content/VULN_PU_RESULTS/trajectory_model/trajectory_samples/trajectory_sample_2023-06-06.csv.gz,524b8db1d93981489979077bf363f9e4b96676672e6a12405cacf09678e63f0e,2006,14,1992,0.01,0.0025;0.005;0.01,0.005,260711,all events plus nested deterministic-hash sample of non-events
2023-06-13,v2023.03.01,v2023.03.01,203816,17,/content/VULN_PU_RAW/epss/epss_scores-2023-06-13.csv.gz,/content/VULN_PU_RAW/epss/epss_scores-2023-06-06.csv.gz,/content/VULN_PU_RAW/epss/epss_scores-2023-05-16.csv.gz,/content/VULN_PU_RESULTS/trajectory_model/trajectory_samples/trajectory_sample_2023-06-13.csv.gz,95c8cb69d5ee96f7555617b0741c54c0496087fbc46b4363633e49a014302e04,2074,17,2057,0.01,0.0025;0.005;0.01,0.005,260711,all events plus nested deterministic-hash sample of non-events
2023-06-20,v2023.03.01,v2023.03.01,204432,19,/content/VULN_PU_RAW/epss/epss_scores-2023-06-20.csv.gz,/content/VULN_PU_RAW/epss/epss_scores-2023-06-13.csv.gz,/content/VULN_PU_RAW/epss/epss_scores-2023-05-23.csv.gz,/content/VULN_PU_RESULTS/trajectory_model/trajectory_samples/trajectory_sample_2023-06-20.csv.gz,cf374232b008998c0ae2d2a77cee291e78573f57db17df15d367770df3c3e261,2077,19,2058,0.01,0.0025;0.005;0.01,0.005,260711,all events plus nested deterministic-hash sample of non-events
2023-06-27,v2023.03.01,v2023.03.01,204920,11,/content/VULN_PU_RAW/epss/epss_scores-2023-06-27.csv.gz,/content/VULN_PU_RAW/epss/epss_scores-2023-06-20.csv.gz,/content/VULN_PU_RAW/epss/epss_scores-2023-05-30.csv.gz,/content/VULN_PU_RESULTS/trajectory_model/trajectory_samples/trajectory_sample_2023-06-27.csv.gz,1dafad01dda4253d5791438f2185979871e4fe2d41bbd2996aa7e814cc446f0f,2023,11,2012,0.01,0.0025;0.005;0.01,0.005,260711,all events plus nested deterministic-hash sample of non-events
2023-07-04,v2023.03.01,v2023.03.01,205435,3,/content/VULN_PU_RAW/epss/epss_scores-2023-07-04.csv.gz,/content/VULN_PU_RAW/epss/epss_scores-2023-06-27.csv.gz,/content/VULN_PU_RAW/epss/epss_scores-2023-06-06.csv.gz,/content/VULN_PU_RESULTS/trajectory_model/trajectory_samples/trajectory_sample_2023-07-04.csv.gz,0fc72129dec8fd7c0ae0fad6949d92682f47c2febe92a21e81ce1cb1362859be,2038,3,2035,0.01,0.0025;0.005;0.01,0.005,260711,all events plus nested deterministic-hash sample of non-events
2023-07-11,v2023.03.01,v2023.03.01,205979,2,/content/VULN_PU_RAW/epss/epss_scores-2023-07-11.csv.gz,/content/VULN_PU_RAW/epss/epss_scores-2023-07-04.csv.gz,/content/VULN_PU_RAW/epss/epss_scores-2023-06-13.csv.gz,/content/VULN_PU_RESULTS/trajectory_model/trajectory_samples/trajectory_sample_2023-07-11.csv.gz,906a5f0b000edb2d9277fe06edccabd2256da26fefb87875e5f143aec0b92d42,2123,2,2121,0.01,0.0025;0.005;0.01,0.005,260711,all events plus nested deterministic-hash sample of non-events
2023-07-18,v2023.03.01,v2023.03.01,206764,3,/content/VULN_PU_RAW/epss/epss_scores-2023-07-18.csv.gz,/content/VULN_PU_RAW/epss/epss_scores-2023-07-11.csv.gz,/content/VULN_PU_RAW/epss/epss_scores-2023-06-20.csv.gz,/content/VULN_PU_RESULTS/trajectory_model/trajectory_samples/trajectory_sample_2023-07-18.csv.gz,a858666b8838f84fd9d4b4fffc014411a59fa1408375d66d8576868b2e27c144,2055,3,2052,0.01,0.0025;0.005;0.01,0.005,260711,all events plus nested deterministic-hash sample of non-events
2023-07-25,v2023.03.01,v2023.03.01,207213,5,/content/VULN_PU_RAW/epss/epss_scores-2023-07-25.csv.gz,/content/VULN_PU_RAW/epss/epss_scores-2023-07-18.csv.gz,/content/VULN_PU_RAW/epss/epss_scores-2023-06-27.csv.gz,/content/VULN_PU_RESULTS/trajectory_model/trajectory_samples/trajectory_sample_2023-07-25.csv.gz,15753ed6186d58446ff445f003e23184125d10c599d73168ac590b32fe92a2fd,2089,5,2084,0.01,0.0025;0.005;0.01,0.005,260711,all events plus nested deterministic-hash sample of non-events
2023-08-01,v2023.03.01,v2023.03.01,207594,5,/content/VULN_PU_RAW/epss/epss_scores-2023-08-01.csv.gz,/content/VULN_PU_RAW/epss/epss_scores-2023-07-25.csv.gz,/content/VULN_PU_RAW/epss/epss_scores-2023-07-04.csv.gz,/content/VULN_PU_RESULTS/trajectory_model/trajectory_samples/trajectory_sample_2023-08-01.csv.gz,5cfd01fefcfd0b80c8413e0aa7978110baad62016c44cf9fbfd793a491349edc,2096,5,2091,0.01,0.0025;0.005;0.01,0.005,260711,all events plus nested deterministic-hash sample of non-events
2023-08-08,v2023.03.01,v2023.03.01,208119,5,/content/VULN_PU_RAW/epss/epss_scores-2023-08-08.csv.gz,/content/VULN_PU_RAW/epss/epss_scores-2023-08-01.csv.gz,/content/VULN_PU_RAW/epss/epss_scores-2023-07-11.csv.gz,/content/VULN_PU_RESULTS/trajectory_model/trajectory_samples/trajectory_sample_2023-08-08.csv.gz,7a177f9fccf2ff9fb5b6024f04f19bc356fca935237688c794467293705b87b9,2133,5,2128,0.01,0.0025;0.005;0.01,0.005,260711,all events plus nested deterministic-hash sample of non-events
2023-08-15,v2023.03.01,v2023.03.01,208903,5,/content/VULN_PU_RAW/epss/epss_scores-2023-08-15.csv.gz,/content/VULN_PU_RAW/epss/epss_scores-2023-08-08.csv.gz,/content/VULN_PU_RAW/epss/epss_scores-2023-07-18.csv.gz,/content/VULN_PU_RESULTS/trajectory_model/trajectory_samples/trajectory_sample_2023-08-15.csv.gz,a1ff0b389c1eba73f48efe2d407dc8c3bd6b02130ab7d2e721d0ed80c6b384b1,2103,5,2098,0.01,0.0025;0.005;0.01,0.005,260711,all events plus nested deterministic-hash sample of non-events
2023-08-22,v2023.03.01,v2023.03.01,209314,7,/content/VULN_PU_RAW/epss/epss_scores-2023-08-22.csv.gz,/content/VULN_PU_RAW/epss/epss_scores-2023-08-15.csv.gz,/content/VULN_PU_RAW/epss/epss_scores-2023-07-25.csv.gz,/content/VULN_PU_RESULTS/trajectory_model/trajectory_samples/trajectory_sample_2023-08-22.csv.gz,8b344ffc3d58d46a3001f106f8bc486077ed9fe3480260a4cb882a92ce692c61,2041,7,2034,0.01,0.0025;0.005;0.01,0.005,260711,all events plus nested deterministic-hash sample of non-events
2023-08-29,v2023.03.01,v2023.03.01,209820,7,/content/VULN_PU_RAW/epss/epss_scores-2023-08-29.csv.gz,/content/VULN_PU_RAW/epss/epss_scores-2023-08-22.csv.gz,/content/VULN_PU_RAW/epss/epss_scores-2023-08-01.csv.gz,/content/VULN_PU_RESULTS/trajectory_model/trajectory_samples/trajectory_sample_2023-08-29.csv.gz,67660ae26e404a547c745b06f9f881a09101dcf9ff451d07f7de9c0d68266427,2118,7,2111,0.01,0.0025;0.005;0.01,0.005,260711,all events plus nested deterministic-hash sample of non-events
2023-09-05,v2023.03.01,v2023.03.01,210400,8,/content/VULN_PU_RAW/epss/epss_scores-2023-09-05.csv.gz,/content/VULN_PU_RAW/epss/epss_scores-2023-08-29.csv.gz,/content/VULN_PU_RAW/epss/epss_scores-2023-08-08.csv.gz,/content/VULN_PU_RESULTS/trajectory_model/trajectory_samples/trajectory_sample_2023-09-05.csv.gz,b01bd5c01bdefad0f30e4a2f4842b96529b89b5845089e6ce066a8b8f439cc82,2132,8,2124,0.01,0.0025;0.005;0.01,0.005,260711,all events plus nested deterministic-hash sample of non-events
2023-09-12,v2023.03.01,v2023.03.01,210922,10,/content/VULN_PU_RAW/epss/epss_scores-2023-09-12.csv.gz,/content/VULN_PU_RAW/epss/epss_scores-2023-09-05.csv.gz,/content/VULN_PU_RAW/epss/epss_scores-2023-08-15.csv.gz,/content/VULN_PU_RESULTS/trajectory_model/trajectory_samples/trajectory_sample_2023-09-12.csv.gz,c29795ad3f1fc3e068edbd68a33baafaca59e269bb6b0cc64ee36e3e65fb8552,2154,10,2144,0.01,0.0025;0.005;0.01,0.005,260711,all events plus nested deterministic-hash sample of non-events
2023-09-19,v2023.03.01,v2023.03.01,211994,3,/content/VULN_PU_RAW/epss/epss_scores-2023-09-19.csv.gz,/content/VULN_PU_RAW/epss/epss_scores-2023-09-12.csv.gz,/content/VULN_PU_RAW/epss/epss_scores-2023-08-22.csv.gz,/content/VULN_PU_RESULTS/trajectory_model/trajectory_samples/trajectory_sample_2023-09-19.csv.gz,9e9c9f86bdf75cb1c0401b9b04df22ac7864fb0aed423cbf1060903d19fec32e,2104,3,2101,0.01,0.0025;0.005;0.01,0.005,260711,all events plus nested deterministic-hash sample of non-events
2023-09-26,v2023.03.01,v2023.03.01,212393,4,/content/VULN_PU_RAW/epss/epss_scores-2023-09-26.csv.gz,/content/VULN_PU_RAW/epss/epss_scores-2023-09-19.csv.gz,/content/VULN_PU_RAW/epss/epss_scores-2023-08-29.csv.gz,/content/VULN_PU_RESULTS/trajectory_model/trajectory_samples/trajectory_sample_2023-09-26.csv.gz,6708aaf389ddde5b98ae871a19a6f86405443c8f5a9579f1a13e36721803ba19,2141,4,2137,0.01,0.0025;0.005;0.01,0.005,260711,all events plus nested deterministic-hash sample of non-events
2023-10-03,v2023.03.01,v2023.03.01,213011,5,/content/VULN_PU_RAW/epss/epss_scores-2023-10-03.csv.gz,/content/VULN_PU_RAW/epss/epss_scores-2023-09-26.csv.gz,/content/VULN_PU_RAW/epss/epss_scores-2023-09-05.csv.gz,/content/VULN_PU_RESULTS/trajectory_model/trajectory_samples/trajectory_sample_2023-10-03.csv.gz,84e7b3f3c838ee4dfa5cf13fc01a774ac23b4deaf743c9e17a889a1b6b6db819,2080,5,2075,0.01,0.0025;0.005;0.01,0.005,260711,all events plus nested deterministic-hash sample of non-events
2023-10-10,v2023.03.01,v2023.03.01,213477,1,/content/VULN_PU_RAW/epss/epss_scores-2023-10-10.csv.gz,/content/VULN_PU_RAW/epss/epss_scores-2023-10-03.csv.gz,/content/VULN_PU_RAW/epss/epss_scores-2023-09-12.csv.gz,/content/VULN_PU_RESULTS/trajectory_model/trajectory_samples/trajectory_sample_2023-10-10.csv.gz,1df289d63dd5e189d59a836b61eb5a6cc0cd72a47f57fa7c83b457321c28f5d0,2112,1,2111,0.01,0.0025;0.005;0.01,0.005,260711,all events plus nested deterministic-hash sample of non-events
2023-10-17,v2023.03.01,v2023.03.01,214197,10,/content/VULN_PU_RAW/epss/epss_scores-2023-10-17.csv.gz,/content/VULN_PU_RAW/epss/epss_scores-2023-10-10.csv.gz,/content/VULN_PU_RAW/epss/epss_scores-2023-09-19.csv.gz,/content/VULN_PU_RESULTS/trajectory_model/trajectory_samples/trajectory_sample_2023-10-17.csv.gz,12f1c1032e58f61b6516f78c10ecbc58d04e1c528a9ffb9708fe9954996a8c45,2152,10,2142,0.01,0.0025;0.005;0.01,0.005,260711,all events plus nested deterministic-hash sample of non-events
2023-10-24,v2023.03.01,v2023.03.01,214734,11,/content/VULN_PU_RAW/epss/epss_scores-2023-10-24.csv.gz,/content/VULN_PU_RAW/epss/epss_scores-2023-10-17.csv.gz,/content/VULN_PU_RAW/epss/epss_scores-2023-09-26.csv.gz,/content/VULN_PU_RESULTS/trajectory_model/trajectory_samples/trajectory_sample_2023-10-24.csv.gz,4eb38cc6d3b4f99179f76f8178f67423b221328989903ae48d8d0f6adc16fda3,2173,11,2162,0.01,0.0025;0.005;0.01,0.005,260711,all events plus nested deterministic-hash sample of non-events
2023-10-31,v2023.03.01,v2023.03.01,215482,11,/content/VULN_PU_RAW/epss/epss_scores-2023-10-31.csv.gz,/content/VULN_PU_RAW/epss/epss_scores-2023-10-24.csv.gz,/content/VULN_PU_RAW/epss/epss_scores-2023-10-03.csv.gz,/content/VULN_PU_RESULTS/trajectory_model/trajectory_samples/trajectory_sample_2023-10-31.csv.gz,97618b9b80240db4df7e819617a84e27143a322eb01ecfab55f2a19d15de7b34,2089,11,2078,0.01,0.0025;0.005;0.01,0.005,260711,all events plus nested deterministic-hash sample of non-events
2023-11-07,v2023.03.01,v2023.03.01,216136,13,/content/VULN_PU_RAW/epss/epss_scores-2023-11-07.csv.gz,/content/VULN_PU_RAW/epss/epss_scores-2023-10-31.csv.gz,/content/VULN_PU_RAW/epss/epss_scores-2023-10-10.csv.gz,/content/VULN_PU_RESULTS/trajectory_model/trajectory_samples/trajectory_sample_2023-11-07.csv.gz,46b920075b566ba726f15123f250c754331625dc5148f67399dc3466ec7d221e,2126,13,2113,0.01,0.0025;0.005;0.01,0.005,260711,all events plus nested deterministic-hash sample of non-events
2023-11-14,v2023.03.01,v2023.03.01,216642,7,/content/VULN_PU_RAW/epss/epss_scores-2023-11-14.csv.gz,/content/VULN_PU_RAW/epss/epss_scores-2023-11-07.csv.gz,/content/VULN_PU_RAW/epss/epss_scores-2023-10-17.csv.gz,/content/VULN_PU_RESULTS/trajectory_model/trajectory_samples/trajectory_sample_2023-11-14.csv.gz,38c219de898590df0e10fbaabc3e69cd11a4ce1250bb458dfeeffc84c8da2d7b,2127,7,2120,0.01,0.0025;0.005;0.01,0.005,260711,all events plus nested deterministic-hash sample of non-events
2023-11-21,v2023.03.01,v2023.03.01,217344,3,/content/VULN_PU_RAW/epss/epss_scores-2023-11-21.csv.gz,/content/VULN_PU_RAW/epss/epss_scores-2023-11-14.csv.gz,/content/VULN_PU_RAW/epss/epss_scores-2023-10-24.csv.gz,/content/VULN_PU_RESULTS/trajectory_model/trajectory_samples/trajectory_sample_2023-11-21.csv.gz,f10b83759841ae3e6416bcecdbfefe97368f4d3ea0fa15ad2addba6aa0b95909,2150,3,2147,0.01,0.0025;0.005;0.01,0.005,260711,all events plus nested deterministic-hash sample of non-events
2023-11-28,v2023.03.01,v2023.03.01,217754,4,/content/VULN_PU_RAW/epss/epss_scores-2023-11-28.csv.gz,/content/VULN_PU_RAW/epss/epss_scores-2023-11-21.csv.gz,/content/VULN_PU_RAW/epss/epss_scores-2023-10-31.csv.gz,/content/VULN_PU_RESULTS/trajectory_model/trajectory_samples/trajectory_sample_2023-11-28.csv.gz,72cb4d7497339317375dac089b349b1067c7815d21df4803460c5047867ae386,2143,4,2139,0.01,0.0025;0.005;0.01,0.005,260711,all events plus nested deterministic-hash sample of non-events
2023-12-05,v2023.03.01,v2023.03.01,217556,2,/content/VULN_PU_RAW/epss/epss_scores-2023-12-05.csv.gz,/content/VULN_PU_RAW/epss/epss_scores-2023-11-28.csv.gz,/content/VULN_PU_RAW/epss/epss_scores-2023-11-07.csv.gz,/content/VULN_PU_RESULTS/trajectory_model/trajectory_samples/trajectory_sample_2023-12-05.csv.gz,b345cd2ac006136662d21cafab36500cf66bd170db4d472d2bed6c4f598fe28c,2140,2,2138,0.01,0.0025;0.005;0.01,0.005,260711,all events plus nested deterministic-hash sample of non-events
2023-12-12,v2023.03.01,v2023.03.01,218043,9,/content/VULN_PU_RAW/epss/epss_scores-2023-12-12.csv.gz,/content/VULN_PU_RAW/epss/epss_scores-2023-12-05.csv.gz,/content/VULN_PU_RAW/epss/epss_scores-2023-11-14.csv.gz,/content/VULN_PU_RESULTS/trajectory_model/trajectory_samples/trajectory_sample_2023-12-12.csv.gz,99ea062a65a2a2947c06eac946b10d76803d7501f8d492d2682e80d21dcfb3fa,2138,9,2129,0.01,0.0025;0.005;0.01,0.005,260711,all events plus nested deterministic-hash sample of non-events
2023-12-19,v2023.03.01,v2023.03.01,218911,11,/content/VULN_PU_RAW/epss/epss_scores-2023-12-19.csv.gz,/content/VULN_PU_RAW/epss/epss_scores-2023-12-12.csv.gz,/content/VULN_PU_RAW/epss/epss_scores-2023-11-21.csv.gz,/content/VULN_PU_RESULTS/trajectory_model/trajectory_samples/trajectory_sample_2023-12-19.csv.gz,cb35b252cc06502b8c080bce7404c963ea30edc7c92bd47d624dfce8468c68c0,2140,11,2129,0.01,0.0025;0.005;0.01,0.005,260711,all events plus nested deterministic-hash sample of non-events
2023-12-26,v2023.03.01,v2023.03.01,219473,12,/content/VULN_PU_RAW/epss/epss_scores-2023-12-26.csv.gz,/content/VULN_PU_RAW/epss/epss_scores-2023-12-19.csv.gz,/content/VULN_PU_RAW/epss/epss_scores-2023-11-28.csv.gz,/content/VULN_PU_RESULTS/trajectory_model/trajectory_samples/trajectory_sample_2023-12-26.csv.gz,184d1485ac7ab333cc0d4e9c2aa910891bda22c459e898a09d7c1238ace12cd3,2227,12,2215,0.01,0.0025;0.005;0.01,0.005,260711,all events plus nested deterministic-hash sample of non-events
2024-01-02,v2023.03.01,v2023.03.01,219846,10,/content/VULN_PU_RAW/epss/epss_scores-2024-01-02.csv.gz,/content/VULN_PU_RAW/epss/epss_scores-2023-12-26.csv.gz,/content/VULN_PU_RAW/epss/epss_scores-2023-12-05.csv.gz,/content/VULN_PU_RESULTS/trajectory_model/trajectory_samples/trajectory_sample_2024-01-02.csv.gz,b4180f723c0aa8d61a6bde9f3293888e05ccdce4516b86d917f0451ad7bef121,2238,10,2228,0.01,0.0025;0.005;0.01,0.005,260711,all events plus nested deterministic-hash sample of non-events
2024-01-09,v2023.03.01,v2023.03.01,219908,5,/content/VULN_PU_RAW/epss/epss_scores-2024-01-09.csv.gz,/content/VULN_PU_RAW/epss/epss_scores-2024-01-02.csv.gz,/content/VULN_PU_RAW/epss/epss_scores-2023-12-12.csv.gz,/content/VULN_PU_RESULTS/trajectory_model/trajectory_samples/trajectory_sample_2024-01-09.csv.gz,2b7c340f2fd4e0ccf2814ed4bef8ca2f13dcc185db88d322efffcec716a01e51,2163,5,2158,0.01,0.0025;0.005;0.01,0.005,260711,all events plus nested deterministic-hash sample of non-events
2024-01-16,v2023.03.01,v2023.03.01,220283,5,/content/VULN_PU_RAW/epss/epss_scores-2024-01-16.csv.gz,/content/VULN_PU_RAW/epss/epss_scores-2024-01-09.csv.gz,/content/VULN_PU_RAW/epss/epss_scores-2023-12-19.csv.gz,/content/VULN_PU_RESULTS/trajectory_model/trajectory_samples/trajectory_sample_2024-01-16.csv.gz,d745984ad7c509b84bf7fbc8fd67452a36749a9ce9a2b1a82d998736ce431d2f,2179,5,2174,0.01,0.0025;0.005;0.01,0.005,260711,all events plus nested deterministic-hash sample of non-events
2024-01-23,v2023.03.01,v2023.03.01,221138,5,/content/VULN_PU_RAW/epss/epss_scores-2024-01-23.csv.gz,/content/VULN_PU_RAW/epss/epss_scores-2024-01-16.csv.gz,/content/VULN_PU_RAW/epss/epss_scores-2023-12-26.csv.gz,/content/VULN_PU_RESULTS/trajectory_model/trajectory_samples/trajectory_sample_2024-01-23.csv.gz,b59efcbd1feb98fd5769f0b9b7582fd0b24a9bfd876c80e8c76ac99a153f88ab,2170,5,2165,0.01,0.0025;0.005;0.01,0.005,260711,all events plus nested deterministic-hash sample of non-events
2024-01-30,v2023.03.01,v2023.03.01,221686,5,/content/VULN_PU_RAW/epss/epss_scores-2024-01-30.csv.gz,/content/VULN_PU_RAW/epss/epss_scores-2024-01-23.csv.gz,/content/VULN_PU_RAW/epss/epss_scores-2024-01-02.csv.gz,/content/VULN_PU_RESULTS/trajectory_model/trajectory_samples/trajectory_sample_2024-01-30.csv.gz,d94ffe0127fd0d9d5071dc505af87949a129042e63e9649b4c9eab2e1d7e8028,2254,5,2249,0.01,0.0025;0.005;0.01,0.005,260711,all events plus nested deterministic-hash sample of non-events
2024-02-06,v2023.03.01,v2023.03.01,222238,5,/content/VULN_PU_RAW/epss/epss_scores-2024-02-06.csv.gz,/content/VULN_PU_RAW/epss/epss_scores-2024-01-30.csv.gz,/content/VULN_PU_RAW/epss/epss_scores-2024-01-09.csv.gz,/content/VULN_PU_RESULTS/trajectory_model/trajectory_samples/trajectory_sample_2024-02-06.csv.gz,fc18e5f27ee41389926c9adfc5795cd5074a82ffd64271b6bea033bb2793be23,2216,5,2211,0.01,0.0025;0.005;0.01,0.005,260711,all events plus nested deterministic-hash sample of non-events
2024-02-13,v2023.03.01,v2023.03.01,234497,4,/content/VULN_PU_RAW/epss/epss_scores-2024-02-13.csv.gz,/content/VULN_PU_RAW/epss/epss_scores-2024-02-06.csv.gz,/content/VULN_PU_RAW/epss/epss_scores-2024-01-16.csv.gz,/content/VULN_PU_RESULTS/trajectory_model/trajectory_samples/trajectory_sample_2024-02-13.csv.gz,8a0795e20c684527c496aac2c1ff5f507ac7cb787027261598cd42081437e811,2355,4,2351,0.01,0.0025;0.005;0.01,0.005,260711,all events plus nested deterministic-hash sample of non-events
2024-02-20,v2023.03.01,v2023.03.01,235126,4,/content/VULN_PU_RAW/epss/epss_scores-2024-02-20.csv.gz,/content/VULN_PU_RAW/epss/epss_scores-2024-02-13.csv.gz,/content/VULN_PU_RAW/epss/epss_scores-2024-01-23.csv.gz,/content/VULN_PU_RESULTS/trajectory_model/trajectory_samples/trajectory_sample_2024-02-20.csv.gz,b5dc96a3c2f1617f57aa3a73d64bde01b53193fc8f52046ec7e974c9f83b8d39,2307,4,2303,0.01,0.0025;0.005;0.01,0.005,260711,all events plus nested deterministic-hash sample of non-events
2024-02-27,v2023.03.01,v2023.03.01,235780,7,/content/VULN_PU_RAW/epss/epss_scores-2024-02-27.csv.gz,/content/VULN_PU_RAW/epss/epss_scores-2024-02-20.csv.gz,/content/VULN_PU_RAW/epss/epss_scores-2024-01-30.csv.gz,/content/VULN_PU_RESULTS/trajectory_model/trajectory_samples/trajectory_sample_2024-02-27.csv.gz,db547fa3d47f3c8d7bfc87e0467a43e0a12ceb99067cab84193f2cab67b087e4,2340,7,2333,0.01,0.0025;0.005;0.01,0.005,260711,all events plus nested deterministic-hash sample of non-events
2024-03-05,v2023.03.01,v2023.03.01,236659,4,/content/VULN_PU_RAW/epss/epss_scores-2024-03-05.csv.gz,/content/VULN_PU_RAW/epss/epss_scores-2024-02-27.csv.gz,/content/VULN_PU_RAW/epss/epss_scores-2024-02-06.csv.gz,/content/VULN_PU_RESULTS/trajectory_model/trajectory_samples/trajectory_sample_2024-03-05.csv.gz,ec039632b88e7d5d2ad703c6aefde6b0eecf6781eff87f275311067f1e4f8d41,2360,4,2356,0.01,0.0025;0.005;0.01,0.005,260711,all events plus nested deterministic-hash sample of non-events
2024-03-12,v2023.03.01,v2023.03.01,237205,3,/content/VULN_PU_RAW/epss/epss_scores-2024-03-12.csv.gz,/content/VULN_PU_RAW/epss/epss_scores-2024-03-05.csv.gz,/content/VULN_PU_RAW/epss/epss_scores-2024-02-13.csv.gz,/content/VULN_PU_RESULTS/trajectory_model/trajectory_samples/trajectory_sample_2024-03-12.csv.gz,0c5ac058b218cb138d1772fccc304e64fbb84e5c47402d74dd10a9baa89813dd,2307,3,2304,0.01,0.0025;0.005;0.01,0.005,260711,all events plus nested deterministic-hash sample of non-events
2024-03-19,v2023.03.01,v2023.03.01,238088,4,/content/VULN_PU_RAW/epss/epss_scores-2024-03-19.csv.gz,/content/VULN_PU_RAW/epss/epss_scores-2024-03-12.csv.gz,/content/VULN_PU_RAW/epss/epss_scores-2024-02-20.csv.gz,/content/VULN_PU_RESULTS/trajectory_model/trajectory_samples/trajectory_sample_2024-03-19.csv.gz,8c4aaa28f2affc0beb87fbceccf974f1c9ccab2e28812d5367d7a1d48343d2b6,2413,4,2409,0.01,0.0025;0.005;0.01,0.005,260711,all events plus nested deterministic-hash sample of non-events
2024-03-26,v2023.03.01,v2023.03.01,238738,1,/content/VULN_PU_RAW/epss/epss_scores-2024-03-26.csv.gz,/content/VULN_PU_RAW/epss/epss_scores-2024-03-19.csv.gz,/content/VULN_PU_RAW/epss/epss_scores-2024-02-27.csv.gz,/content/VULN_PU_RESULTS/trajectory_model/trajectory_samples/trajectory_sample_2024-03-26.csv.gz,be61613e0d316c8f0bc43d492bebefa54e73f8682c6d9e3eda5944f92fd45772,2379,1,2378,0.01,0.0025;0.005;0.01,0.005,260711,all events plus nested deterministic-hash sample of non-events
2024-04-02,v2023.03.01,v2023.03.01,239781,2,/content/VULN_PU_RAW/epss/epss_scores-2024-04-02.csv.gz,/content/VULN_PU_RAW/epss/epss_scores-2024-03-26.csv.gz,/content/VULN_PU_RAW/epss/epss_scores-2024-03-05.csv.gz,/content/VULN_PU_RESULTS/trajectory_model/trajectory_samples/trajectory_sample_2024-04-02.csv.gz,e5e861c9f0e6bd63fcef6b3e99892b4e2ca98a0141c355907663f8d7616a9ed1,2430,2,2428,0.01,0.0025;0.005;0.01,0.005,260711,all events plus nested deterministic-hash sample of non-events
2024-04-09,v2023.03.01,v2023.03.01,240607,4,/content/VULN_PU_RAW/epss/epss_scores-2024-04-09.csv.gz,/content/VULN_PU_RAW/epss/epss_scores-2024-04-02.csv.gz,/content/VULN_PU_RAW/epss/epss_scores-2024-03-12.csv.gz,/content/VULN_PU_RESULTS/trajectory_model/trajectory_samples/trajectory_sample_2024-04-09.csv.gz,a5cbb5b1244d40f9d9f3ca8625370705d8851506bc0b5f9dcbe0e5af5888c309,2407,4,2403,0.01,0.0025;0.005;0.01,0.005,260711,all events plus nested deterministic-hash sample of non-events
2024-04-16,v2023.03.01,v2023.03.01,241736,5,/content/VULN_PU_RAW/epss/epss_scores-2024-04-16.csv.gz,/content/VULN_PU_RAW/epss/epss_scores-2024-04-09.csv.gz,/content/VULN_PU_RAW/epss/epss_scores-2024-03-19.csv.gz,/content/VULN_PU_RESULTS/trajectory_model/trajectory_samples/trajectory_sample_2024-04-16.csv.gz,e00628466af74ce0c3ce61a1620f15523842c71316855b31f19d1e99f04518f2,2412,5,2407,0.01,0.0025;0.005;0.01,0.005,260711,all events plus nested deterministic-hash sample of non-events
2024-04-23,v2023.03.01,v2023.03.01,242588,7,/content/VULN_PU_RAW/epss/epss_scores-2024-04-23.csv.gz,/content/VULN_PU_RAW/epss/epss_scores-2024-04-16.csv.gz,/content/VULN_PU_RAW/epss/epss_scores-2024-03-26.csv.gz,/content/VULN_PU_RESULTS/trajectory_model/trajectory_samples/trajectory_sample_2024-04-23.csv.gz,1500bf88b6b05c7d886c2e771de34593a2eb9079cde544112817394a019b3b4a,2311,7,2304,0.01,0.0025;0.005;0.01,0.005,260711,all events plus nested deterministic-hash sample of non-events
2024-04-30,v2023.03.01,v2023.03.01,243216,6,/content/VULN_PU_RAW/epss/epss_scores-2024-04-30.csv.gz,/content/VULN_PU_RAW/epss/epss_scores-2024-04-23.csv.gz,/content/VULN_PU_RAW/epss/epss_scores-2024-04-02.csv.gz,/content/VULN_PU_RESULTS/trajectory_model/trajectory_samples/trajectory_sample_2024-04-30.csv.gz,7fc1b6c45ec3285ae96320f36d947fc282ff155673e9b0e2f94f3b9664adc73d,2443,6,2437,0.01,0.0025;0.005;0.01,0.005,260711,all events plus nested deterministic-hash sample of non-events
2024-05-07,v2023.03.01,v2023.03.01,244860,6,/content/VULN_PU_RAW/epss/epss_scores-2024-05-07.csv.gz,/content/VULN_PU_RAW/epss/epss_scores-2024-04-30.csv.gz,/content/VULN_PU_RAW/epss/epss_scores-2024-04-09.csv.gz,/content/VULN_PU_RESULTS/trajectory_model/trajectory_samples/trajectory_sample_2024-05-07.csv.gz,eb8b83487cc3a6f9249b199a4ccb26207a959eff70213e7b5254249465ba57be,2385,6,2379,0.01,0.0025;0.005;0.01,0.005,260711,all events plus nested deterministic-hash sample of non-events
2024-05-14,v2023.03.01,v2023.03.01,245547,8,/content/VULN_PU_RAW/epss/epss_scores-2024-05-14.csv.gz,/content/VULN_PU_RAW/epss/epss_scores-2024-05-07.csv.gz,/content/VULN_PU_RAW/epss/epss_scores-2024-04-16.csv.gz,/content/VULN_PU_RESULTS/trajectory_model/trajectory_samples/trajectory_sample_2024-05-14.csv.gz,41680040011a596fdf33008451cb79c1c3acad7103c9fe040dd202e6caed082b,2466,8,2458,0.01,0.0025;0.005;0.01,0.005,260711,all events plus nested deterministic-hash sample of non-events
2024-05-21,v2023.03.01,v2023.03.01,246672,4,/content/VULN_PU_RAW/epss/epss_scores-2024-05-21.csv.gz,/content/VULN_PU_RAW/epss/epss_scores-2024-05-14.csv.gz,/content/VULN_PU_RAW/epss/epss_scores-2024-04-23.csv.gz,/content/VULN_PU_RESULTS/trajectory_model/trajectory_samples/trajectory_sample_2024-05-21.csv.gz,eda26a5720531244042fabede9010386a7467409f8d743f1700e5f4665db9847,2475,4,2471,0.01,0.0025;0.005;0.01,0.005,260711,all events plus nested deterministic-hash sample of non-events
2024-05-28,v2023.03.01,v2023.03.01,247551,7,/content/VULN_PU_RAW/epss/epss_scores-2024-05-28.csv.gz,/content/VULN_PU_RAW/epss/epss_scores-2024-05-21.csv.gz,/content/VULN_PU_RAW/epss/epss_scores-2024-04-30.csv.gz,/content/VULN_PU_RESULTS/trajectory_model/trajectory_samples/trajectory_sample_2024-05-28.csv.gz,cdca803786a4a23f694ca0c30c05a40c78522853d36903cc8cc552652b16721f,2453,7,2446,0.01,0.0025;0.005;0.01,0.005,260711,all events plus nested deterministic-hash sample of non-events
2024-06-04,v2023.03.01,v2023.03.01,248070,5,/content/VULN_PU_RAW/epss/epss_scores-2024-06-04.csv.gz,/content/VULN_PU_RAW/epss/epss_scores-2024-05-28.csv.gz,/content/VULN_PU_RAW/epss/epss_scores-2024-05-07.csv.gz,/content/VULN_PU_RESULTS/trajectory_model/trajectory_samples/trajectory_sample_2024-06-04.csv.gz,99e6ca9b6ee00802da8bf36a33374a2e10f6adcc85fe722d65ffa4712a220611,2525,5,2520,0.01,0.0025;0.005;0.01,0.005,260711,all events plus nested deterministic-hash sample of non-events
2024-06-11,v2023.03.01,v2023.03.01,248815,8,/content/VULN_PU_RAW/epss/epss_scores-2024-06-11.csv.gz,/content/VULN_PU_RAW/epss/epss_scores-2024-06-04.csv.gz,/content/VULN_PU_RAW/epss/epss_scores-2024-05-14.csv.gz,/content/VULN_PU_RESULTS/trajectory_model/trajectory_samples/trajectory_sample_2024-06-11.csv.gz,0139da95f04513be785aa72512e72c9f71c618acdf32e991b8ad585232d136fb,2570,8,2562,0.01,0.0025;0.005;0.01,0.005,260711,all events plus nested deterministic-hash sample of non-events
2024-06-18,v2023.03.01,v2023.03.01,249753,7,/content/VULN_PU_RAW/epss/epss_scores-2024-06-18.csv.gz,/content/VULN_PU_RAW/epss/epss_scores-2024-06-11.csv.gz,/content/VULN_PU_RAW/epss/epss_scores-2024-05-21.csv.gz,/content/VULN_PU_RESULTS/trajectory_model/trajectory_samples/trajectory_sample_2024-06-18.csv.gz,5125b29d223532c28350badba14343a91eca756ece7a3a3aca010ca711a9287d,2462,7,2455,0.01,0.0025;0.005;0.01,0.005,260711,all events plus nested deterministic-hash sample of non-events
2024-06-25,v2023.03.01,v2023.03.01,250500,8,/content/VULN_PU_RAW/epss/epss_scores-2024-06-25.csv.gz,/content/VULN_PU_RAW/epss/epss_scores-2024-06-18.csv.gz,/content/VULN_PU_RAW/epss/epss_scores-2024-05-28.csv.gz,/content/VULN_PU_RESULTS/trajectory_model/trajectory_samples/trajectory_sample_2024-06-25.csv.gz,b1b1d637f8f1273158fd41f3b785eec504bd8e1213cb4c64c3ebbd10d0dfeff4,2554,8,2546,0.01,0.0025;0.005;0.01,0.005,260711,all events plus nested deterministic-hash sample of non-events
2024-07-02,v2023.03.01,v2023.03.01,251073,7,/content/VULN_PU_RAW/epss/epss_scores-2024-07-02.csv.gz,/content/VULN_PU_RAW/epss/epss_scores-2024-06-25.csv.gz,/content/VULN_PU_RAW/epss/epss_scores-2024-06-04.csv.gz,/content/VULN_PU_RESULTS/trajectory_model/trajectory_samples/trajectory_sample_2024-07-02.csv.gz,6ee42d827a3f5d4e8fd68145ebae685b8b0c14888d627f15e5d37b3ebcfe6b10,2539,7,2532,0.01,0.0025;0.005;0.01,0.005,260711,all events plus nested deterministic-hash sample of non-events
2024-07-09,v2023.03.01,v2023.03.01,251481,10,/content/VULN_PU_RAW/epss/epss_scores-2024-07-09.csv.gz,/content/VULN_PU_RAW/epss/epss_scores-2024-07-02.csv.gz,/content/VULN_PU_RAW/epss/epss_scores-2024-06-11.csv.gz,/content/VULN_PU_RESULTS/trajectory_model/trajectory_samples/trajectory_sample_2024-07-09.csv.gz,bb7de8e88b0bfb012dfca2fd4d8507e4a4fce1703b0761094a5ad08b65fc14c3,2537,10,2527,0.01,0.0025;0.005;0.01,0.005,260711,all events plus nested deterministic-hash sample of non-events
2024-07-16,v2023.03.01,v2023.03.01,252455,11,/content/VULN_PU_RAW/epss/epss_scores-2024-07-16.csv.gz,/content/VULN_PU_RAW/epss/epss_scores-2024-07-09.csv.gz,/content/VULN_PU_RAW/epss/epss_scores-2024-06-18.csv.gz,/content/VULN_PU_RESULTS/trajectory_model/trajectory_samples/trajectory_sample_2024-07-16.csv.gz,8f7034aab79534631680f9aa8bbd38296815c318f46c62dab612bda1420aa012,2576,11,2565,0.01,0.0025;0.005;0.01,0.005,260711,all events plus nested deterministic-hash sample of non-events
2024-07-23,v2023.03.01,v2023.03.01,253197,11,/content/VULN_PU_RAW/epss/epss_scores-2024-07-23.csv.gz,/content/VULN_PU_RAW/epss/epss_scores-2024-07-16.csv.gz,/content/VULN_PU_RAW/epss/epss_scores-2024-06-25.csv.gz,/content/VULN_PU_RESULTS/trajectory_model/trajectory_samples/trajectory_sample_2024-07-23.csv.gz,54e8bbfde4d1815001d95f893e44ad0ada9261c0c9eb4d1c040c35e3f177695a,2497,11,2486,0.01,0.0025;0.005;0.01,0.005,260711,all events plus nested deterministic-hash sample of non-events
2024-07-30,v2023.03.01,v2023.03.01,253870,8,/content/VULN_PU_RAW/epss/epss_scores-2024-07-30.csv.gz,/content/VULN_PU_RAW/epss/epss_scores-2024-07-23.csv.gz,/content/VULN_PU_RAW/epss/epss_scores-2024-07-02.csv.gz,/content/VULN_PU_RESULTS/trajectory_model/trajectory_samples/trajectory_sample_2024-07-30.csv.gz,4b6b0d158f9620e2965d477c7c2db4713f3dcbda7051fe3d7ec5741b3a1cd280,2471,8,2463,0.01,0.0025;0.005;0.01,0.005,260711,all events plus nested deterministic-hash sample of non-events
2024-08-06,v2023.03.01,v2023.03.01,254396,10,/content/VULN_PU_RAW/epss/epss_scores-2024-08-06.csv.gz,/content/VULN_PU_RAW/epss/epss_scores-2024-07-30.csv.gz,/content/VULN_PU_RAW/epss/epss_scores-2024-07-09.csv.gz,/content/VULN_PU_RESULTS/trajectory_model/trajectory_samples/trajectory_sample_2024-08-06.csv.gz,7dc6b9f65fd627572a19cfdcf3b67259dafcf8607613be46f18a245514659523,2605,10,2595,0.01,0.0025;0.005;0.01,0.005,260711,all events plus nested deterministic-hash sample of non-events
2024-08-13,v2023.03.01,v2023.03.01,255042,10,/content/VULN_PU_RAW/epss/epss_scores-2024-08-13.csv.gz,/content/VULN_PU_RAW/epss/epss_scores-2024-08-06.csv.gz,/content/VULN_PU_RAW/epss/epss_scores-2024-07-16.csv.gz,/content/VULN_PU_RESULTS/trajectory_model/trajectory_samples/trajectory_sample_2024-08-13.csv.gz,c95d80dce7a382261ba74e134cbb7d2fec52e4c5258a0adc4783b8bc505e106e,2633,10,2623,0.01,0.0025;0.005;0.01,0.005,260711,all events plus nested deterministic-hash sample of non-events
2024-08-20,v2023.03.01,v2023.03.01,255886,18,/content/VULN_PU_RAW/epss/epss_scores-2024-08-20.csv.gz,/content/VULN_PU_RAW/epss/epss_scores-2024-08-13.csv.gz,/content/VULN_PU_RAW/epss/epss_scores-2024-07-23.csv.gz,/content/VULN_PU_RESULTS/trajectory_model/trajectory_samples/trajectory_sample_2024-08-20.csv.gz,8bd6ffd04f44ca9f6a0b1408e4c2daea096f77f9ac05a9983feef4f752102dd7,2550,18,2532,0.01,0.0025;0.005;0.01,0.005,260711,all events plus nested deterministic-hash sample of non-events
2024-08-27,v2023.03.01,v2023.03.01,256587,16,/content/VULN_PU_RAW/epss/epss_scores-2024-08-27.csv.gz,/content/VULN_PU_RAW/epss/epss_scores-2024-08-20.csv.gz,/content/VULN_PU_RAW/epss/epss_scores-2024-07-30.csv.gz,/content/VULN_PU_RESULTS/trajectory_model/trajectory_samples/trajectory_sample_2024-08-27.csv.gz,5685256b91702d75260761c2af39fc85d51516ef28b5d7960c917f7652b54004,2544,16,2528,0.01,0.0025;0.005;0.01,0.005,260711,all events plus nested deterministic-hash sample of non-events
2024-09-03,v2023.03.01,v2023.03.01,257032,17,/content/VULN_PU_RAW/epss/epss_scores-2024-09-03.csv.gz,/content/VULN_PU_RAW/epss/epss_scores-2024-08-27.csv.gz,/content/VULN_PU_RAW/epss/epss_scores-2024-08-06.csv.gz,/content/VULN_PU_RESULTS/trajectory_model/trajectory_samples/trajectory_sample_2024-09-03.csv.gz,e01ff7637535ee18d75be1ff096302b0a7c2f9743d6e749fe8d701d616505518,2655,17,2638,0.01,0.0025;0.005;0.01,0.005,260711,all events plus nested deterministic-hash sample of non-events
2024-09-10,v2023.03.01,v2023.03.01,257563,15,/content/VULN_PU_RAW/epss/epss_scores-2024-09-10.csv.gz,/content/VULN_PU_RAW/epss/epss_scores-2024-09-03.csv.gz,/content/VULN_PU_RAW/epss/epss_scores-2024-08-13.csv.gz,/content/VULN_PU_RESULTS/trajectory_model/trajectory_samples/trajectory_sample_2024-09-10.csv.gz,16b8d5a3bb92e025df581c22f46e4389fe291e8c72038efc05dbfb7072af6ced,2560,15,2545,0.01,0.0025;0.005;0.01,0.005,260711,all events plus nested deterministic-hash sample of non-events
2024-09-17,v2023.03.01,v2023.03.01,258387,13,/content/VULN_PU_RAW/epss/epss_scores-2024-09-17.csv.gz,/content/VULN_PU_RAW/epss/epss_scores-2024-09-10.csv.gz,/content/VULN_PU_RAW/epss/epss_scores-2024-08-20.csv.gz,/content/VULN_PU_RESULTS/trajectory_model/trajectory_samples/trajectory_sample_2024-09-17.csv.gz,eec12407622b5a10f94410f4a43c24f4ac73cc4d98af6dbd18d38c8e8fd4bb47,2664,13,2651,0.01,0.0025;0.005;0.01,0.005,260711,all events plus nested deterministic-hash sample of non-events
2024-09-24,v2023.03.01,v2023.03.01,258934,10,/content/VULN_PU_RAW/epss/epss_scores-2024-09-24.csv.gz,/content/VULN_PU_RAW/epss/epss_scores-2024-09-17.csv.gz,/content/VULN_PU_RAW/epss/epss_scores-2024-08-27.csv.gz,/content/VULN_PU_RESULTS/trajectory_model/trajectory_samples/trajectory_sample_2024-09-24.csv.gz,8ce2d955fd1cc2dcfef6e9ab6e366c2698ec3cccfa560b2e2d77288f6822c080,2593,10,2583,0.01,0.0025;0.005;0.01,0.005,260711,all events plus nested deterministic-hash sample of non-events
2024-10-01,v2023.03.01,v2023.03.01,259487,7,/content/VULN_PU_RAW/epss/epss_scores-2024-10-01.csv.gz,/content/VULN_PU_RAW/epss/epss_scores-2024-09-24.csv.gz,/content/VULN_PU_RAW/epss/epss_scores-2024-09-03.csv.gz,/content/VULN_PU_RESULTS/trajectory_model/trajectory_samples/trajectory_sample_2024-10-01.csv.gz,d84bd914818f6b4e9ecbf39999d376d0ab39f650bf738c73fa0277fc663071db,2578,7,2571,0.01,0.0025;0.005;0.01,0.005,260711,all events plus nested deterministic-hash sample of non-events
2024-10-08,v2023.03.01,v2023.03.01,260114,10,/content/VULN_PU_RAW/epss/epss_scores-2024-10-08.csv.gz,/content/VULN_PU_RAW/epss/epss_scores-2024-10-01.csv.gz,/content/VULN_PU_RAW/epss/epss_scores-2024-09-10.csv.gz,/content/VULN_PU_RESULTS/trajectory_model/trajectory_samples/trajectory_sample_2024-10-08.csv.gz,46042e95d3e061c44340d39f2a3cf61c95c99b6f2382ba1bf68b5e742b5025fd,2652,10,2642,0.01,0.0025;0.005;0.01,0.005,260711,all events plus nested deterministic-hash sample of non-events
2024-10-15,v2023.03.01,v2023.03.01,260834,12,/content/VULN_PU_RAW/epss/epss_scores-2024-10-15.csv.gz,/content/VULN_PU_RAW/epss/epss_scores-2024-10-08.csv.gz,/content/VULN_PU_RAW/epss/epss_scores-2024-09-17.csv.gz,/content/VULN_PU_RESULTS/trajectory_model/trajectory_samples/trajectory_sample_2024-10-15.csv.gz,45296e389d8dcf4b7f251ac9713a116decb96a247fa2bf40a04bf75c67fd590d,2563,12,2551,0.01,0.0025;0.005;0.01,0.005,260711,all events plus nested deterministic-hash sample of non-events
2024-10-22,v2023.03.01,v2023.03.01,261970,13,/content/VULN_PU_RAW/epss/epss_scores-2024-10-22.csv.gz,/content/VULN_PU_RAW/epss/epss_scores-2024-10-15.csv.gz,/content/VULN_PU_RAW/epss/epss_scores-2024-09-24.csv.gz,/content/VULN_PU_RESULTS/trajectory_model/trajectory_samples/trajectory_sample_2024-10-22.csv.gz,e4250d80722c15c42540946e04bac6532d0a5d38446e785acad9b4dc5c1b15ac,2688,13,2675,0.01,0.0025;0.005;0.01,0.005,260711,all events plus nested deterministic-hash sample of non-events
2024-10-29,v2023.03.01,v2023.03.01,262703,13,/content/VULN_PU_RAW/epss/epss_scores-2024-10-29.csv.gz,/content/VULN_PU_RAW/epss/epss_scores-2024-10-22.csv.gz,/content/VULN_PU_RAW/epss/epss_scores-2024-10-01.csv.gz,/content/VULN_PU_RESULTS/trajectory_model/trajectory_samples/trajectory_sample_2024-10-29.csv.gz,5e3750fe062e4871c7edbc594d0333eedf8442a6574ade98c2753827a97a1526,2699,13,2686,0.01,0.0025;0.005;0.01,0.005,260711,all events plus nested deterministic-hash sample of non-events
2024-11-05,v2023.03.01,v2023.03.01,263468,14,/content/VULN_PU_RAW/epss/epss_scores-2024-11-05.csv.gz,/content/VULN_PU_RAW/epss/epss_scores-2024-10-29.csv.gz,/content/VULN_PU_RAW/epss/epss_scores-2024-10-08.csv.gz,/content/VULN_PU_RESULTS/trajectory_model/trajectory_samples/trajectory_sample_2024-11-05.csv.gz,fbff109dfeb72b5292fd54134700b1664062c7361ccaca8c24f2e595bbd833be,2727,14,2713,0.01,0.0025;0.005;0.01,0.005,260711,all events plus nested deterministic-hash sample of non-events
2024-11-12,v2023.03.01,v2023.03.01,264372,8,/content/VULN_PU_RAW/epss/epss_scores-2024-11-12.csv.gz,/content/VULN_PU_RAW/epss/epss_scores-2024-11-05.csv.gz,/content/VULN_PU_RAW/epss/epss_scores-2024-10-15.csv.gz,/content/VULN_PU_RESULTS/trajectory_model/trajectory_samples/trajectory_sample_2024-11-12.csv.gz,8c0fbcfbfdefba2c3128683ab3c31ed916c081de1ea3e10742e693106e8830ea,2685,8,2677,0.01,0.0025;0.005;0.01,0.005,260711,all events plus nested deterministic-hash sample of non-events
2024-11-19,v2023.03.01,v2023.03.01,265556,13,/content/VULN_PU_RAW/epss/epss_scores-2024-11-19.csv.gz,/content/VULN_PU_RAW/epss/epss_scores-2024-11-12.csv.gz,/content/VULN_PU_RAW/epss/epss_scores-2024-10-22.csv.gz,/content/VULN_PU_RESULTS/trajectory_model/trajectory_samples/trajectory_sample_2024-11-19.csv.gz,59af646a97d0657365dc2fc0aeb6b76f66347583d30b88c1f89be32d1ee99237,2636,13,2623,0.01,0.0025;0.005;0.01,0.005,260711,all events plus nested deterministic-hash sample of non-events
2024-11-26,v2023.03.01,v2023.03.01,266687,10,/content/VULN_PU_RAW/epss/epss_scores-2024-11-26.csv.gz,/content/VULN_PU_RAW/epss/epss_scores-2024-11-19.csv.gz,/content/VULN_PU_RAW/epss/epss_scores-2024-10-29.csv.gz,/content/VULN_PU_RESULTS/trajectory_model/trajectory_samples/trajectory_sample_2024-11-26.csv.gz,c18c606d6c5e525c77e342646c055943f81c998438c90459cd868eef3844d53b,2632,10,2622,0.01,0.0025;0.005;0.01,0.005,260711,all events plus nested deterministic-hash sample of non-events
2024-12-03,v2023.03.01,v2023.03.01,267309,9,/content/VULN_PU_RAW/epss/epss_scores-2024-12-03.csv.gz,/content/VULN_PU_RAW/epss/epss_scores-2024-11-26.csv.gz,/content/VULN_PU_RAW/epss/epss_scores-2024-11-05.csv.gz,/content/VULN_PU_RESULTS/trajectory_model/trajectory_samples/trajectory_sample_2024-12-03.csv.gz,32a4f4cc3ab42c0416f941ae461bfe241799ff7125e70a89db677909529e2ae1,2644,9,2635,0.01,0.0025;0.005;0.01,0.005,260711,all events plus nested deterministic-hash sample of non-events
2024-12-10,v2023.03.01,v2023.03.01,268140,10,/content/VULN_PU_RAW/epss/epss_scores-2024-12-10.csv.gz,/content/VULN_PU_RAW/epss/epss_scores-2024-12-03.csv.gz,/content/VULN_PU_RAW/epss/epss_scores-2024-11-12.csv.gz,/content/VULN_PU_RESULTS/trajectory_model/trajectory_samples/trajectory_sample_2024-12-10.csv.gz,87c1405212ea8ebbcde2456693725d97e64b8a3bb788de5c32ea018134c5637b,2606,10,2596,0.01,0.0025;0.005;0.01,0.005,260711,all events plus nested deterministic-hash sample of non-events
2024-12-17,v2023.03.01,v2023.03.01,269329,10,/content/VULN_PU_RAW/epss/epss_scores-2024-12-17.csv.gz,/content/VULN_PU_RAW/epss/epss_scores-2024-12-10.csv.gz,/content/VULN_PU_RAW/epss/epss_scores-2024-11-19.csv.gz,/content/VULN_PU_RESULTS/trajectory_model/trajectory_samples/trajectory_sample_2024-12-17.csv.gz,aaf509342fcbcdd9ea7956788e022ffa484b3ad5f618d14bf9def782d8becfa4,2732,10,2722,0.01,0.0025;0.005;0.01,0.005,260711,all events plus nested deterministic-hash sample of non-events
2024-12-24,v2023.03.01,v2023.03.01,269813,6,/content/VULN_PU_RAW/epss/epss_scores-2024-12-24.csv.gz,/content/VULN_PU_RAW/epss/epss_scores-2024-12-17.csv.gz,/content/VULN_PU_RAW/epss/epss_scores-2024-11-26.csv.gz,/content/VULN_PU_RESULTS/trajectory_model/trajectory_samples/trajectory_sample_2024-12-24.csv.gz,6f5fbcfaaf052ab103a80fb8ee3592fa77432c75b77b5429c2edc9795fe0bad6,2683,6,2677,0.01,0.0025;0.005;0.01,0.005,260711,all events plus nested deterministic-hash sample of non-events
2024-12-31,v2023.03.01,v2023.03.01,270425,6,/content/VULN_PU_RAW/epss/epss_scores-2024-12-31.csv.gz,/content/VULN_PU_RAW/epss/epss_scores-2024-12-24.csv.gz,/content/VULN_PU_RAW/epss/epss_scores-2024-12-03.csv.gz,/content/VULN_PU_RESULTS/trajectory_model/trajectory_samples/trajectory_sample_2024-12-31.csv.gz,0afac32915ef46e1ee6939d8e54cb6bab6cec47e9a39a2a3284cacd0e5bfa5cb,2741,6,2735,0.01,0.0025;0.005;0.01,0.005,260711,all events plus nested deterministic-hash sample of non-events
2025-01-07,v2023.03.01,v2023.03.01,271057,12,/content/VULN_PU_RAW/epss/epss_scores-2025-01-07.csv.gz,/content/VULN_PU_RAW/epss/epss_scores-2024-12-31.csv.gz,/content/VULN_PU_RAW/epss/epss_scores-2024-12-10.csv.gz,/content/VULN_PU_RESULTS/trajectory_model/trajectory_samples/trajectory_sample_2025-01-07.csv.gz,327dc6966ebee459f7006e5a37c7695e9f566efe9e2acf217f2c9c2ad2286484,2717,12,2705,0.01,0.0025;0.005;0.01,0.005,260711,all events plus nested deterministic-hash sample of non-events
2025-01-14,v2023.03.01,v2023.03.01,272119,12,/content/VULN_PU_RAW/epss/epss_scores-2025-01-14.csv.gz,/content/VULN_PU_RAW/epss/epss_scores-2025-01-07.csv.gz,/content/VULN_PU_RAW/epss/epss_scores-2024-12-17.csv.gz,/content/VULN_PU_RESULTS/trajectory_model/trajectory_samples/trajectory_sample_2025-01-14.csv.gz,593b2d0a8c3009752a7cf2e655e6abb18559cac27033e16db98186ca99e83fcf,2669,12,2657,0.01,0.0025;0.005;0.01,0.005,260711,all events plus nested deterministic-hash sample of non-events
2025-01-21,v2023.03.01,v2023.03.01,273261,14,/content/VULN_PU_RAW/epss/epss_scores-2025-01-21.csv.gz,/content/VULN_PU_RAW/epss/epss_scores-2025-01-14.csv.gz,/content/VULN_PU_RAW/epss/epss_scores-2024-12-24.csv.gz,/content/VULN_PU_RESULTS/trajectory_model/trajectory_samples/trajectory_sample_2025-01-21.csv.gz,bf847688685b6cb199b87b2b79ebc26dcfe33c7d03bf2be457be8e486551bb11,2732,14,2718,0.01,0.0025;0.005;0.01,0.005,260711,all events plus nested deterministic-hash sample of non-events
2025-01-28,v2023.03.01,v2023.03.01,274363,19,/content/VULN_PU_RAW/epss/epss_scores-2025-01-28.csv.gz,/content/VULN_PU_RAW/epss/epss_scores-2025-01-21.csv.gz,/content/VULN_PU_RAW/epss/epss_scores-2024-12-31.csv.gz,/content/VULN_PU_RESULTS/trajectory_model/trajectory_samples/trajectory_sample_2025-01-28.csv.gz,4ab643e2b9a3a789b55675cddd7c9bfe369d6cb552df7cc508f25f463856bdc3,2750,19,2731,0.01,0.0025;0.005;0.01,0.005,260711,all events plus nested deterministic-hash sample of non-events
2025-02-04,v2023.03.01,v2023.03.01,275040,20,/content/VULN_PU_RAW/epss/epss_scores-2025-02-04.csv.gz,/content/VULN_PU_RAW/epss/epss_scores-2025-01-28.csv.gz,/content/VULN_PU_RAW/epss/epss_scores-2025-01-07.csv.gz,/content/VULN_PU_RESULTS/trajectory_model/trajectory_samples/trajectory_sample_2025-02-04.csv.gz,8f5c35e32503ba6e4b9ba38cb4f6fa9ff6f3344e1ec8f08ab2d263f822e249be,2838,20,2818,0.01,0.0025;0.005;0.01,0.005,260711,all events plus nested deterministic-hash sample of non-events
2025-02-11,v2023.03.01,v2023.03.01,275626,20,/content/VULN_PU_RAW/epss/epss_scores-2025-02-11.csv.gz,/content/VULN_PU_RAW/epss/epss_scores-2025-02-04.csv.gz,/content/VULN_PU_RAW/epss/epss_scores-2025-01-14.csv.gz,/content/VULN_PU_RESULTS/trajectory_model/trajectory_samples/trajectory_sample_2025-02-11.csv.gz,1b9df66ff4eab87890be01836327e007cb0966d6a155585be9fc229e9233594e,2797,20,2777,0.01,0.0025;0.005;0.01,0.005,260711,all events plus nested deterministic-hash sample of non-events
2025-02-18,v2023.03.01,v2023.03.01,277088,19,/content/VULN_PU_RAW/epss/epss_scores-2025-02-18.csv.gz,/content/VULN_PU_RAW/epss/epss_scores-2025-02-11.csv.gz,/content/VULN_PU_RAW/epss/epss_scores-2025-01-21.csv.gz,/content/VULN_PU_RESULTS/trajectory_model/trajectory_samples/trajectory_sample_2025-02-18.csv.gz,4e903ea4132deaa2f4cabf891bb05397c33add9a7a7aa4b0d5be2995acf0a9f6,2841,19,2822,0.01,0.0025;0.005;0.01,0.005,260711,all events plus nested deterministic-hash sample of non-events
2025-02-25,v2023.03.01,v2023.03.01,277609,15,/content/VULN_PU_RAW/epss/epss_scores-2025-02-25.csv.gz,/content/VULN_PU_RAW/epss/epss_scores-2025-02-18.csv.gz,/content/VULN_PU_RAW/epss/epss_scores-2025-01-28.csv.gz,/content/VULN_PU_RESULTS/trajectory_model/trajectory_samples/trajectory_sample_2025-02-25.csv.gz,50140b47a556b2e594bdd96b63efe1b4fe8fe023f1086bd52679fed7ede04c39,2832,15,2817,0.01,0.0025;0.005;0.01,0.005,260711,all events plus nested deterministic-hash sample of non-events
2025-03-04,v2023.03.01,v2023.03.01,279490,10,/content/VULN_PU_RAW/epss/epss_scores-2025-03-04.csv.gz,/content/VULN_PU_RAW/epss/epss_scores-2025-02-25.csv.gz,/content/VULN_PU_RAW/epss/epss_scores-2025-02-04.csv.gz,/content/VULN_PU_RESULTS/trajectory_model/trajectory_samples/trajectory_sample_2025-03-04.csv.gz,a63bde4792e75a560041f632cbec269175cb7e414b5e3bea575d32c6656176a4,2704,10,2694,0.01,0.0025;0.005;0.01,0.005,260711,all events plus nested deterministic-hash sample of non-events
2025-03-11,v2023.03.01,v2023.03.01,280154,10,/content/VULN_PU_RAW/epss/epss_scores-2025-03-11.csv.gz,/content/VULN_PU_RAW/epss/epss_scores-2025-03-04.csv.gz,/content/VULN_PU_RAW/epss/epss_scores-2025-02-11.csv.gz,/content/VULN_PU_RESULTS/trajectory_model/trajectory_samples/trajectory_sample_2025-03-11.csv.gz,e6f76509e7fcb752db021ef12dcc39ce19faf74b9d7af873b67463983a3c7a39,2738,10,2728,0.01,0.0025;0.005;0.01,0.005,260711,all events plus nested deterministic-hash sample of non-events
2025-03-18,v2025.03.14,v2025.03.14-or-later,269374,11,/content/VULN_PU_RAW/epss/epss_scores-2025-03-18.csv.gz,/content/VULN_PU_RAW/epss/epss_scores-2025-03-11.csv.gz,/content/VULN_PU_RAW/epss/epss_scores-2025-02-18.csv.gz,/content/VULN_PU_RESULTS/trajectory_model/trajectory_samples/trajectory_sample_2025-03-18.csv.gz,ee7ba76f28f56f013a7d27bb11580de92fe83a669fd968e8985ca420ab2e6342,2705,11,2694,0.01,0.0025;0.005;0.01,0.005,260711,all events plus nested deterministic-hash sample of non-events
2025-03-25,v2025.03.14,v2025.03.14-or-later,270297,8,/content/VULN_PU_RAW/epss/epss_scores-2025-03-25.csv.gz,/content/VULN_PU_RAW/epss/epss_scores-2025-03-18.csv.gz,/content/VULN_PU_RAW/epss/epss_scores-2025-02-25.csv.gz,/content/VULN_PU_RESULTS/trajectory_model/trajectory_samples/trajectory_sample_2025-03-25.csv.gz,34a80e4cf57e13682fe7100d762719236d6dc0129120e442bdac6dec8df8c9db,2630,8,2622,0.01,0.0025;0.005;0.01,0.005,260711,all events plus nested deterministic-hash sample of non-events
2025-04-01,v2025.03.14,v2025.03.14-or-later,271554,6,/content/VULN_PU_RAW/epss/epss_scores-2025-04-01.csv.gz,/content/VULN_PU_RAW/epss/epss_scores-2025-03-25.csv.gz,/content/VULN_PU_RAW/epss/epss_scores-2025-03-04.csv.gz,/content/VULN_PU_RESULTS/trajectory_model/trajectory_samples/trajectory_sample_2025-04-01.csv.gz,e85d423055ec3615cc59a5f19534099ee4135b05ccef8c5f146edad721ba5045,2573,6,2567,0.01,0.0025;0.005;0.01,0.005,260711,all events plus nested deterministic-hash sample of non-events
2025-04-08,v2025.03.14,v2025.03.14-or-later,272734,10,/content/VULN_PU_RAW/epss/epss_scores-2025-04-08.csv.gz,/content/VULN_PU_RAW/epss/epss_scores-2025-04-01.csv.gz,/content/VULN_PU_RAW/epss/epss_scores-2025-03-11.csv.gz,/content/VULN_PU_RESULTS/trajectory_model/trajectory_samples/trajectory_sample_2025-04-08.csv.gz,82c5d89528c895f57c780d1cd73fea55cd609f436aa46c36a44bebddd32899c3,2721,10,2711,0.01,0.0025;0.005;0.01,0.005,260711,all events plus nested deterministic-hash sample of non-events
2025-04-15,v2025.03.14,v2025.03.14-or-later,273536,10,/content/VULN_PU_RAW/epss/epss_scores-2025-04-15.csv.gz,/content/VULN_PU_RAW/epss/epss_scores-2025-04-08.csv.gz,/content/VULN_PU_RAW/epss/epss_scores-2025-03-18.csv.gz,/content/VULN_PU_RESULTS/trajectory_model/trajectory_samples/trajectory_sample_2025-04-15.csv.gz,b88c3b3525f46efb3c7a1484f3d7076f53665314e832025c7e1e98e3ceaf85f8,2753,10,2743,0.01,0.0025;0.005;0.01,0.005,260711,all events plus nested deterministic-hash sample of non-events
2025-04-22,v2025.03.14,v2025.03.14-or-later,274708,12,/content/VULN_PU_RAW/epss/epss_scores-2025-04-22.csv.gz,/content/VULN_PU_RAW/epss/epss_scores-2025-04-15.csv.gz,/content/VULN_PU_RAW/epss/epss_scores-2025-03-25.csv.gz,/content/VULN_PU_RESULTS/trajectory_model/trajectory_samples/trajectory_sample_2025-04-22.csv.gz,f23d92cfe161d3f78113c64d76af709ed7673c3d6b70d3710e4fef871e00af33,2739,12,2727,0.01,0.0025;0.005;0.01,0.005,260711,all events plus nested deterministic-hash sample of non-events
2025-04-29,v2025.03.14,v2025.03.14-or-later,275282,12,/content/VULN_PU_RAW/epss/epss_scores-2025-04-29.csv.gz,/content/VULN_PU_RAW/epss/epss_scores-2025-04-22.csv.gz,/content/VULN_PU_RAW/epss/epss_scores-2025-04-01.csv.gz,/content/VULN_PU_RESULTS/trajectory_model/trajectory_samples/trajectory_sample_2025-04-29.csv.gz,07cd5eb80da4ac40cb55a215af2583ae68749cb0647f01e55fcc9ae4fffb0d84,2738,12,2726,0.01,0.0025;0.005;0.01,0.005,260711,all events plus nested deterministic-hash sample of non-events
2025-05-06,v2025.03.14,v2025.03.14-or-later,276284,11,/content/VULN_PU_RAW/epss/epss_scores-2025-05-06.csv.gz,/content/VULN_PU_RAW/epss/epss_scores-2025-04-29.csv.gz,/content/VULN_PU_RAW/epss/epss_scores-2025-04-08.csv.gz,/content/VULN_PU_RESULTS/trajectory_model/trajectory_samples/trajectory_sample_2025-05-06.csv.gz,ed8896b9fd997f5d812f9de72edb03b2e591d3370f3df5ed11167c2a40a1f112,2754,11,2743,0.01,0.0025;0.005;0.01,0.005,260711,all events plus nested deterministic-hash sample of non-events
2025-05-13,v2025.03.14,v2025.03.14-or-later,277155,15,/content/VULN_PU_RAW/epss/epss_scores-2025-05-13.csv.gz,/content/VULN_PU_RAW/epss/epss_scores-2025-05-06.csv.gz,/content/VULN_PU_RAW/epss/epss_scores-2025-04-15.csv.gz,/content/VULN_PU_RESULTS/trajectory_model/trajectory_samples/trajectory_sample_2025-05-13.csv.gz,9ad9748e43b6e02aad23a00a3c2ca35af82a1dd1ab34c0773b0260a47da0e52a,2853,15,2838,0.01,0.0025;0.005;0.01,0.005,260711,all events plus nested deterministic-hash sample of non-events
2025-05-20,v2025.03.14,v2025.03.14-or-later,278315,11,/content/VULN_PU_RAW/epss/epss_scores-2025-05-20.csv.gz,/content/VULN_PU_RAW/epss/epss_scores-2025-05-13.csv.gz,/content/VULN_PU_RAW/epss/epss_scores-2025-04-22.csv.gz,/content/VULN_PU_RESULTS/trajectory_model/trajectory_samples/trajectory_sample_2025-05-20.csv.gz,7425aa2b8d8b0439ed3bd58e3c112cb7cfab38c4d5e00d3066e403f031cb5700,2854,11,2843,0.01,0.0025;0.005;0.01,0.005,260711,all events plus nested deterministic-hash sample of non-events
2025-05-27,v2025.03.14,v2025.03.14-or-later,279057,13,/content/VULN_PU_RAW/epss/epss_scores-2025-05-27.csv.gz,/content/VULN_PU_RAW/epss/epss_scores-2025-05-20.csv.gz,/content/VULN_PU_RAW/epss/epss_scores-2025-04-29.csv.gz,/content/VULN_PU_RESULTS/trajectory_model/trajectory_samples/trajectory_sample_2025-05-27.csv.gz,ff7a5ce49dce6054fb4a9e912dc1ae3b3480e92d90d611bf119eb5fcf08baa42,2769,13,2756,0.01,0.0025;0.005;0.01,0.005,260711,all events plus nested deterministic-hash sample of non-events
2025-06-03,v2025.03.14,v2025.03.14-or-later,279580,11,/content/VULN_PU_RAW/epss/epss_scores-2025-06-03.csv.gz,/content/VULN_PU_RAW/epss/epss_scores-2025-05-27.csv.gz,/content/VULN_PU_RAW/epss/epss_scores-2025-05-06.csv.gz,/content/VULN_PU_RESULTS/trajectory_model/trajectory_samples/trajectory_sample_2025-06-03.csv.gz,01a95811f7da5a90a15a6b190a323fed3bb0e9d04b31b188b6daad24d4309573,2750,11,2739,0.01,0.0025;0.005;0.01,0.005,260711,all events plus nested deterministic-hash sample of non-events
2025-06-10,v2025.03.14,v2025.03.14-or-later,280514,11,/content/VULN_PU_RAW/epss/epss_scores-2025-06-10.csv.gz,/content/VULN_PU_RAW/epss/epss_scores-2025-06-03.csv.gz,/content/VULN_PU_RAW/epss/epss_scores-2025-05-13.csv.gz,/content/VULN_PU_RESULTS/trajectory_model/trajectory_samples/trajectory_sample_2025-06-10.csv.gz,4a8d992b8f0f605ec2b746d2c19ea6cde511a5ad7bf4cfec9341296d2f4c211b,2823,11,2812,0.01,0.0025;0.005;0.01,0.005,260711,all events plus nested deterministic-hash sample of non-events
2025-06-17,v2025.03.14,v2025.03.14-or-later,281305,9,/content/VULN_PU_RAW/epss/epss_scores-2025-06-17.csv.gz,/content/VULN_PU_RAW/epss/epss_scores-2025-06-10.csv.gz,/content/VULN_PU_RAW/epss/epss_scores-2025-05-20.csv.gz,/content/VULN_PU_RESULTS/trajectory_model/trajectory_samples/trajectory_sample_2025-06-17.csv.gz,b0f2b6880018e577739da63e0b723197503ed72041c30570454472a10b051fd2,2815,9,2806,0.01,0.0025;0.005;0.01,0.005,260711,all events plus nested deterministic-hash sample of non-events
2025-06-24,v2025.03.14,v2025.03.14-or-later,282344,12,/content/VULN_PU_RAW/epss/epss_scores-2025-06-24.csv.gz,/content/VULN_PU_RAW/epss/epss_scores-2025-06-17.csv.gz,/content/VULN_PU_RAW/epss/epss_scores-2025-05-27.csv.gz,/content/VULN_PU_RESULTS/trajectory_model/trajectory_samples/trajectory_sample_2025-06-24.csv.gz,fb39e943550a61cec1487cb7c486ae353dd51cef4aba61dfda193bbf63b6a38a,2857,12,2845,0.01,0.0025;0.005;0.01,0.005,260711,all events plus nested deterministic-hash sample of non-events
2025-07-01,v2025.03.14,v2025.03.14-or-later,283081,10,/content/VULN_PU_RAW/epss/epss_scores-2025-07-01.csv.gz,/content/VULN_PU_RAW/epss/epss_scores-2025-06-24.csv.gz,/content/VULN_PU_RAW/epss/epss_scores-2025-06-03.csv.gz,/content/VULN_PU_RESULTS/trajectory_model/trajectory_samples/trajectory_sample_2025-07-01.csv.gz,13a455e58279fe642beb4df5265787d14abea0dd7bfac08e0c3677962cafeb38,2881,10,2871,0.01,0.0025;0.005;0.01,0.005,260711,all events plus nested deterministic-hash sample of non-events
2025-07-08,v2025.03.14,v2025.03.14-or-later,283903,8,/content/VULN_PU_RAW/epss/epss_scores-2025-07-08.csv.gz,/content/VULN_PU_RAW/epss/epss_scores-2025-07-01.csv.gz,/content/VULN_PU_RAW/epss/epss_scores-2025-06-10.csv.gz,/content/VULN_PU_RESULTS/trajectory_model/trajectory_samples/trajectory_sample_2025-07-08.csv.gz,5e8c1bf7afa11efb878469a48d11294f2dd5dca8b5a9c18a15c9b42e8f3935a2,2900,8,2892,0.01,0.0025;0.005;0.01,0.005,260711,all events plus nested deterministic-hash sample of non-events
2025-07-15,v2025.03.14,v2025.03.14-or-later,284861,11,/content/VULN_PU_RAW/epss/epss_scores-2025-07-15.csv.gz,/content/VULN_PU_RAW/epss/epss_scores-2025-07-08.csv.gz,/content/VULN_PU_RAW/epss/epss_scores-2025-06-17.csv.gz,/content/VULN_PU_RESULTS/trajectory_model/trajectory_samples/trajectory_sample_2025-07-15.csv.gz,5a7ff8b90ca9ac98b5ee8dc5bfae053de721e3c8f98c0e4c50fd4ed121fb5e25,2918,11,2907,0.01,0.0025;0.005;0.01,0.005,260711,all events plus nested deterministic-hash sample of non-events
2025-07-22,v2025.03.14,v2025.03.14-or-later,285750,8,/content/VULN_PU_RAW/epss/epss_scores-2025-07-22.csv.gz,/content/VULN_PU_RAW/epss/epss_scores-2025-07-15.csv.gz,/content/VULN_PU_RAW/epss/epss_scores-2025-06-24.csv.gz,/content/VULN_PU_RESULTS/trajectory_model/trajectory_samples/trajectory_sample_2025-07-22.csv.gz,e926ece8eb63620e4cf3857b317e801b22b77d9ac69fc81e60ad97ca1ad5f08b,2788,8,2780,0.01,0.0025;0.005;0.01,0.005,260711,all events plus nested deterministic-hash sample of non-events
2025-07-29,v2025.03.14,v2025.03.14-or-later,286457,8,/content/VULN_PU_RAW/epss/epss_scores-2025-07-29.csv.gz,/content/VULN_PU_RAW/epss/epss_scores-2025-07-22.csv.gz,/content/VULN_PU_RAW/epss/epss_scores-2025-07-01.csv.gz,/content/VULN_PU_RESULTS/trajectory_model/trajectory_samples/trajectory_sample_2025-07-29.csv.gz,e60d10fdd23721007dc6cf08ac1618c4385bd4f8f364e9cab6c1ecb83687a87d,2854,8,2846,0.01,0.0025;0.005;0.01,0.005,260711,all events plus nested deterministic-hash sample of non-events
2025-08-05,v2025.03.14,v2025.03.14-or-later,287113,8,/content/VULN_PU_RAW/epss/epss_scores-2025-08-05.csv.gz,/content/VULN_PU_RAW/epss/epss_scores-2025-07-29.csv.gz,/content/VULN_PU_RAW/epss/epss_scores-2025-07-08.csv.gz,/content/VULN_PU_RESULTS/trajectory_model/trajectory_samples/trajectory_sample_2025-08-05.csv.gz,4854f6ea3858efc6ae1061417ee401c3cae936b83d883847078b90a3635d0bce,2885,8,2877,0.01,0.0025;0.005;0.01,0.005,260711,all events plus nested deterministic-hash sample of non-events
2025-08-12,v2025.03.14,v2025.03.14-or-later,287807,8,/content/VULN_PU_RAW/epss/epss_scores-2025-08-12.csv.gz,/content/VULN_PU_RAW/epss/epss_scores-2025-08-05.csv.gz,/content/VULN_PU_RAW/epss/epss_scores-2025-07-15.csv.gz,/content/VULN_PU_RESULTS/trajectory_model/trajectory_samples/trajectory_sample_2025-08-12.csv.gz,9f05d6c800b1429c141212b33fe6a918b0f2b2680f37a0a16c8060f5d33e2ad8,2816,8,2808,0.01,0.0025;0.005;0.01,0.005,260711,all events plus nested deterministic-hash sample of non-events
2025-08-19,v2025.03.14,v2025.03.14-or-later,288830,7,/content/VULN_PU_RAW/epss/epss_scores-2025-08-19.csv.gz,/content/VULN_PU_RAW/epss/epss_scores-2025-08-12.csv.gz,/content/VULN_PU_RAW/epss/epss_scores-2025-07-22.csv.gz,/content/VULN_PU_RESULTS/trajectory_model/trajectory_samples/trajectory_sample_2025-08-19.csv.gz,63efbb59a8c6a0ff5aa58b3762f742055b8893daaba8846ad93852c7417ddad5,2836,7,2829,0.01,0.0025;0.005;0.01,0.005,260711,all events plus nested deterministic-hash sample of non-events
2025-08-26,v2025.03.14,v2025.03.14-or-later,289758,4,/content/VULN_PU_RAW/epss/epss_scores-2025-08-26.csv.gz,/content/VULN_PU_RAW/epss/epss_scores-2025-08-19.csv.gz,/content/VULN_PU_RAW/epss/epss_scores-2025-07-29.csv.gz,/content/VULN_PU_RESULTS/trajectory_model/trajectory_samples/trajectory_sample_2025-08-26.csv.gz,4c52089f6f4622ac05cc08d8bfc33122888b5a7198ae8707a9e81ec5bf4e29d0,2893,4,2889,0.01,0.0025;0.005;0.01,0.005,260711,all events plus nested deterministic-hash sample of non-events
2025-09-02,v2025.03.14,v2025.03.14-or-later,290538,10,/content/VULN_PU_RAW/epss/epss_scores-2025-09-02.csv.gz,/content/VULN_PU_RAW/epss/epss_scores-2025-08-26.csv.gz,/content/VULN_PU_RAW/epss/epss_scores-2025-08-05.csv.gz,/content/VULN_PU_RESULTS/trajectory_model/trajectory_samples/trajectory_sample_2025-09-02.csv.gz,49f97a380bcc273e6fff2362e8ce21e1a464b59381af56bff7566f972cb6968f,2885,10,2875,0.01,0.0025;0.005;0.01,0.005,260711,all events plus nested deterministic-hash sample of non-events
2025-09-09,v2025.03.14,v2025.03.14-or-later,291561,15,/content/VULN_PU_RAW/epss/epss_scores-2025-09-09.csv.gz,/content/VULN_PU_RAW/epss/epss_scores-2025-09-02.csv.gz,/content/VULN_PU_RAW/epss/epss_scores-2025-08-12.csv.gz,/content/VULN_PU_RESULTS/trajectory_model/trajectory_samples/trajectory_sample_2025-09-09.csv.gz,342639ac684b0408917595edeea1392196d2ce129cceff30854e2fef5eac4968,2958,15,2943,0.01,0.0025;0.005;0.01,0.005,260711,all events plus nested deterministic-hash sample of non-events
2025-09-16,v2025.03.14,v2025.03.14-or-later,292715,18,/content/VULN_PU_RAW/epss/epss_scores-2025-09-16.csv.gz,/content/VULN_PU_RAW/epss/epss_scores-2025-09-09.csv.gz,/content/VULN_PU_RAW/epss/epss_scores-2025-08-19.csv.gz,/content/VULN_PU_RESULTS/trajectory_model/trajectory_samples/trajectory_sample_2025-09-16.csv.gz,4dc3927dbc05ee017654baca7a077477f886a1cf448dcb7a5da3c3801913b06c,2967,18,2949,0.01,0.0025;0.005;0.01,0.005,260711,all events plus nested deterministic-hash sample of non-events
2025-09-23,v2025.03.14,v2025.03.14-or-later,293942,24,/content/VULN_PU_RAW/epss/epss_scores-2025-09-23.csv.gz,/content/VULN_PU_RAW/epss/epss_scores-2025-09-16.csv.gz,/content/VULN_PU_RAW/epss/epss_scores-2025-08-26.csv.gz,/content/VULN_PU_RESULTS/trajectory_model/trajectory_samples/trajectory_sample_2025-09-23.csv.gz,6e4e4c237c30d3c9b218b03b195b221aabf7c25dcc8bf94780191b7c9eb6ee20,2957,24,2933,0.01,0.0025;0.005;0.01,0.005,260711,all events plus nested deterministic-hash sample of non-events
2025-09-30,v2025.03.14,v2025.03.14-or-later,294680,25,/content/VULN_PU_RAW/epss/epss_scores-2025-09-30.csv.gz,/content/VULN_PU_RAW/epss/epss_scores-2025-09-23.csv.gz,/content/VULN_PU_RAW/epss/epss_scores-2025-09-02.csv.gz,/content/VULN_PU_RESULTS/trajectory_model/trajectory_samples/trajectory_sample_2025-09-30.csv.gz,6c06d7ae24313e87ef8b3901a2e192c03b68782eea18597e8789f42d209b549b,2966,25,2941,0.01,0.0025;0.005;0.01,0.005,260711,all events plus nested deterministic-hash sample of non-events
2025-10-07,v2025.03.14,v2025.03.14-or-later,295574,14,/content/VULN_PU_RAW/epss/epss_scores-2025-10-07.csv.gz,/content/VULN_PU_RAW/epss/epss_scores-2025-09-30.csv.gz,/content/VULN_PU_RAW/epss/epss_scores-2025-09-09.csv.gz,/content/VULN_PU_RESULTS/trajectory_model/trajectory_samples/trajectory_sample_2025-10-07.csv.gz,3ec4d9af63d95623320c73d28b07e8c0a2dc5b0377be50a44a7230a5c1c16d1d,2964,14,2950,0.01,0.0025;0.005;0.01,0.005,260711,all events plus nested deterministic-hash sample of non-events
2025-10-14,v2025.03.14,v2025.03.14-or-later,296429,15,/content/VULN_PU_RAW/epss/epss_scores-2025-10-14.csv.gz,/content/VULN_PU_RAW/epss/epss_scores-2025-10-07.csv.gz,/content/VULN_PU_RAW/epss/epss_scores-2025-09-16.csv.gz,/content/VULN_PU_RESULTS/trajectory_model/trajectory_samples/trajectory_sample_2025-10-14.csv.gz,3cbe7603469a3fd35d41e915374e30f5316342cec6afeb80a7f111e6549cf457,2929,15,2914,0.01,0.0025;0.005;0.01,0.005,260711,all events plus nested deterministic-hash sample of non-events
2025-10-21,v2025.03.14,v2025.03.14-or-later,297295,11,/content/VULN_PU_RAW/epss/epss_scores-2025-10-21.csv.gz,/content/VULN_PU_RAW/epss/epss_scores-2025-10-14.csv.gz,/content/VULN_PU_RAW/epss/epss_scores-2025-09-23.csv.gz,/content/VULN_PU_RESULTS/trajectory_model/trajectory_samples/trajectory_sample_2025-10-21.csv.gz,02b67ae53d3d5b4bdf8adf13e0956a2089f562fb669e6d73caa515d961b1e230,2999,11,2988,0.01,0.0025;0.005;0.01,0.005,260711,all events plus nested deterministic-hash sample of non-events
2025-10-28,v2025.03.14,v2025.03.14-or-later,298443,7,/content/VULN_PU_RAW/epss/epss_scores-2025-10-28.csv.gz,/content/VULN_PU_RAW/epss/epss_scores-2025-10-21.csv.gz,/content/VULN_PU_RAW/epss/epss_scores-2025-09-30.csv.gz,/content/VULN_PU_RESULTS/trajectory_model/trajectory_samples/trajectory_sample_2025-10-28.csv.gz,2a1407675bb1d60d67e223e462dfab30bf0e90ff2be8d7280802156677063458,3003,7,2996,0.01,0.0025;0.005;0.01,0.005,260711,all events plus nested deterministic-hash sample of non-events
2025-11-04,v2025.03.14,v2025.03.14-or-later,299256,5,/content/VULN_PU_RAW/epss/epss_scores-2025-11-04.csv.gz,/content/VULN_PU_RAW/epss/epss_scores-2025-10-28.csv.gz,/content/VULN_PU_RAW/epss/epss_scores-2025-10-07.csv.gz,/content/VULN_PU_RESULTS/trajectory_model/trajectory_samples/trajectory_sample_2025-11-04.csv.gz,701fa3f814e23c634707111a5686d4908ec002436085bde593c458dc97957ebd,3022,5,3017,0.01,0.0025;0.005;0.01,0.005,260711,all events plus nested deterministic-hash sample of non-events
2025-11-11,v2025.03.14,v2025.03.14-or-later,300062,7,/content/VULN_PU_RAW/epss/epss_scores-2025-11-11.csv.gz,/content/VULN_PU_RAW/epss/epss_scores-2025-11-04.csv.gz,/content/VULN_PU_RAW/epss/epss_scores-2025-10-14.csv.gz,/content/VULN_PU_RESULTS/trajectory_model/trajectory_samples/trajectory_sample_2025-11-11.csv.gz,848d212e3e4ffdb6111f46a8543b023f3c66f596f70148ff3a2c18d932718b88,2990,7,2983,0.01,0.0025;0.005;0.01,0.005,260711,all events plus nested deterministic-hash sample of non-events
2025-11-18,v2025.03.14,v2025.03.14-or-later,300981,7,/content/VULN_PU_RAW/epss/epss_scores-2025-11-18.csv.gz,/content/VULN_PU_RAW/epss/epss_scores-2025-11-11.csv.gz,/content/VULN_PU_RAW/epss/epss_scores-2025-10-21.csv.gz,/content/VULN_PU_RESULTS/trajectory_model/trajectory_samples/trajectory_sample_2025-11-18.csv.gz,4fcf7f83ba421e2d9706f364cff7ed99a24b66db794948e8cd52ca066ade559e,2947,7,2940,0.01,0.0025;0.005;0.01,0.005,260711,all events plus nested deterministic-hash sample of non-events
2025-11-25,v2025.03.14,v2025.03.14-or-later,301666,6,/content/VULN_PU_RAW/epss/epss_scores-2025-11-25.csv.gz,/content/VULN_PU_RAW/epss/epss_scores-2025-11-18.csv.gz,/content/VULN_PU_RAW/epss/epss_scores-2025-10-28.csv.gz,/content/VULN_PU_RESULTS/trajectory_model/trajectory_samples/trajectory_sample_2025-11-25.csv.gz,7d78dc31cdee1b94e6e3865a3dd742397943f6e8d1ccb39a897646d3de31b339,2997,6,2991,0.01,0.0025;0.005;0.01,0.005,260711,all events plus nested deterministic-hash sample of non-events
2025-12-02,v2025.03.14,v2025.03.14-or-later,302193,6,/content/VULN_PU_RAW/epss/epss_scores-2025-12-02.csv.gz,/content/VULN_PU_RAW/epss/epss_scores-2025-11-25.csv.gz,/content/VULN_PU_RAW/epss/epss_scores-2025-11-04.csv.gz,/content/VULN_PU_RESULTS/trajectory_model/trajectory_samples/trajectory_sample_2025-12-02.csv.gz,9146c022a66a68d092162de66b048c2ac3673c47992b5e0b5af9859a484146c2,2985,6,2979,0.01,0.0025;0.005;0.01,0.005,260711,all events plus nested deterministic-hash sample of non-events
2025-12-09,v2025.03.14,v2025.03.14-or-later,303259,4,/content/VULN_PU_RAW/epss/epss_scores-2025-12-09.csv.gz,/content/VULN_PU_RAW/epss/epss_scores-2025-12-02.csv.gz,/content/VULN_PU_RAW/epss/epss_scores-2025-11-11.csv.gz,/content/VULN_PU_RESULTS/trajectory_model/trajectory_samples/trajectory_sample_2025-12-09.csv.gz,96b26e27641bc9f1918590117360088ec03e3ef86ee84836b3d5b26e03c51ef6,2991,4,2987,0.01,0.0025;0.005;0.01,0.005,260711,all events plus nested deterministic-hash sample of non-events
2025-12-16,v2025.03.14,v2025.03.14-or-later,304791,3,/content/VULN_PU_RAW/epss/epss_scores-2025-12-16.csv.gz,/content/VULN_PU_RAW/epss/epss_scores-2025-12-09.csv.gz,/content/VULN_PU_RAW/epss/epss_scores-2025-11-18.csv.gz,/content/VULN_PU_RESULTS/trajectory_model/trajectory_samples/trajectory_sample_2025-12-16.csv.gz,9c4db6cdf9ff73325f5b9e6c8f1c9055f21f75604ee264d9e238b59bb2817ba0,3118,3,3115,0.01,0.0025;0.005;0.01,0.005,260711,all events plus nested deterministic-hash sample of non-events
2025-12-23,v2025.03.14,v2025.03.14-or-later,305904,8,/content/VULN_PU_RAW/epss/epss_scores-2025-12-23.csv.gz,/content/VULN_PU_RAW/epss/epss_scores-2025-12-16.csv.gz,/content/VULN_PU_RAW/epss/epss_scores-2025-11-25.csv.gz,/content/VULN_PU_RESULTS/trajectory_model/trajectory_samples/trajectory_sample_2025-12-23.csv.gz,5a768aa07b81c3a662eff5aa785b20879351bad45b2d7d2c87ed6cd9ef261d7e,3021,8,3013,0.01,0.0025;0.005;0.01,0.005,260711,all events plus nested deterministic-hash sample of non-events
2025-12-30,v2025.03.14,v2025.03.14-or-later,306897,10,/content/VULN_PU_RAW/epss/epss_scores-2025-12-30.csv.gz,/content/VULN_PU_RAW/epss/epss_scores-2025-12-23.csv.gz,/content/VULN_PU_RAW/epss/epss_scores-2025-12-02.csv.gz,/content/VULN_PU_RESULTS/trajectory_model/trajectory_samples/trajectory_sample_2025-12-30.csv.gz,e7b447615af938f05634b52c0dba5d3887869d01f5c45e3302f9d301c7fb47cf,3057,10,3047,0.01,0.0025;0.005;0.01,0.005,260711,all events plus nested deterministic-hash sample of non-events
2026-01-06,v2025.03.14,v2025.03.14-or-later,307817,14,/content/VULN_PU_RAW/epss/epss_scores-2026-01-06.csv.gz,/content/VULN_PU_RAW/epss/epss_scores-2025-12-30.csv.gz,/content/VULN_PU_RAW/epss/epss_scores-2025-12-09.csv.gz,/content/VULN_PU_RESULTS/trajectory_model/trajectory_samples/trajectory_sample_2026-01-06.csv.gz,3d3d3396b07a6d0d7f7601207945b41299b28204dc7035948460e3f166de762b,3112,14,3098,0.01,0.0025;0.005;0.01,0.005,260711,all events plus nested deterministic-hash sample of non-events
2026-01-13,v2025.03.14,v2025.03.14-or-later,308671,12,/content/VULN_PU_RAW/epss/epss_scores-2026-01-13.csv.gz,/content/VULN_PU_RAW/epss/epss_scores-2026-01-06.csv.gz,/content/VULN_PU_RAW/epss/epss_scores-2025-12-16.csv.gz,/content/VULN_PU_RESULTS/trajectory_model/trajectory_samples/trajectory_sample_2026-01-13.csv.gz,b75126bfecbe967020cd735d7d45400a57a877e89dd435eeb93b65ebc735f7ac,2991,12,2979,0.01,0.0025;0.005;0.01,0.005,260711,all events plus nested deterministic-hash sample of non-events
2026-01-20,v2025.03.14,v2025.03.14-or-later,309842,16,/content/VULN_PU_RAW/epss/epss_scores-2026-01-20.csv.gz,/content/VULN_PU_RAW/epss/epss_scores-2026-01-13.csv.gz,/content/VULN_PU_RAW/epss/epss_scores-2025-12-23.csv.gz,/content/VULN_PU_RESULTS/trajectory_model/trajectory_samples/trajectory_sample_2026-01-20.csv.gz,79835dffd3c0be09a36728056736128b982383346d7c3ce4b3deecd4e42a7b9e,3025,16,3009,0.01,0.0025;0.005;0.01,0.005,260711,all events plus nested deterministic-hash sample of non-events
2026-01-27,v2025.03.14,v2025.03.14-or-later,311114,13,/content/VULN_PU_RAW/epss/epss_scores-2026-01-27.csv.gz,/content/VULN_PU_RAW/epss/epss_scores-2026-01-20.csv.gz,/content/VULN_PU_RAW/epss/epss_scores-2025-12-30.csv.gz,/content/VULN_PU_RESULTS/trajectory_model/trajectory_samples/trajectory_sample_2026-01-27.csv.gz,b6e8eddf585aa57f12523ed480d392fa366e07c3abed18e2986fe62c5e64214d,3188,13,3175,0.01,0.0025;0.005;0.01,0.005,260711,all events plus nested deterministic-hash sample of non-events
2026-02-03,v2025.03.14,v2025.03.14-or-later,311992,17,/content/VULN_PU_RAW/epss/epss_scores-2026-02-03.csv.gz,/content/VULN_PU_RAW/epss/epss_scores-2026-01-27.csv.gz,/content/VULN_PU_RAW/epss/epss_scores-2026-01-06.csv.gz,/content/VULN_PU_RESULTS/trajectory_model/trajectory_samples/trajectory_sample_2026-02-03.csv.gz,b8322ebfe4f7cd440fa7bc46845003a26f69fd9e7c55717c61f1c167b5c748d8,3004,17,2987,0.01,0.0025;0.005;0.01,0.005,260711,all events plus nested deterministic-hash sample of non-events
2026-02-10,v2025.03.14,v2025.03.14-or-later,313176,19,/content/VULN_PU_RAW/epss/epss_scores-2026-02-10.csv.gz,/content/VULN_PU_RAW/epss/epss_scores-2026-02-03.csv.gz,/content/VULN_PU_RAW/epss/epss_scores-2026-01-13.csv.gz,/content/VULN_PU_RESULTS/trajectory_model/trajectory_samples/trajectory_sample_2026-02-10.csv.gz,e8fdc97b07c388cfe1df4c0f0cde1591f2731f9be1601d0c2c8dcf8699d2b291,3185,19,3166,0.01,0.0025;0.005;0.01,0.005,260711,all events plus nested deterministic-hash sample of non-events
2026-02-17,v2025.03.14,v2025.03.14-or-later,314180,17,/content/VULN_PU_RAW/epss/epss_scores-2026-02-17.csv.gz,/content/VULN_PU_RAW/epss/epss_scores-2026-02-10.csv.gz,/content/VULN_PU_RAW/epss/epss_scores-2026-01-20.csv.gz,/content/VULN_PU_RESULTS/trajectory_model/trajectory_samples/trajectory_sample_2026-02-17.csv.gz,9a85cdc30a156f32f590326b063b129d69d9ce26f143e7b98f29e040f1651420,3129,17,3112,0.01,0.0025;0.005;0.01,0.005,260711,all events plus nested deterministic-hash sample of non-events
2026-02-24,v2025.03.14,v2025.03.14-or-later,315577,18,/content/VULN_PU_RAW/epss/epss_scores-2026-02-24.csv.gz,/content/VULN_PU_RAW/epss/epss_scores-2026-02-17.csv.gz,/content/VULN_PU_RAW/epss/epss_scores-2026-01-27.csv.gz,/content/VULN_PU_RESULTS/trajectory_model/trajectory_samples/trajectory_sample_2026-02-24.csv.gz,b78bedcfc1a135dee7e1f06bd0fb737196d29671e3a4f216511a106c677a8182,3116,18,3098,0.01,0.0025;0.005;0.01,0.005,260711,all events plus nested deterministic-hash sample of non-events
2026-03-03,v2025.03.14,v2025.03.14-or-later,316574,18,/content/VULN_PU_RAW/epss/epss_scores-2026-03-03.csv.gz,/content/VULN_PU_RAW/epss/epss_scores-2026-02-24.csv.gz,/content/VULN_PU_RAW/epss/epss_scores-2026-02-03.csv.gz,/content/VULN_PU_RESULTS/trajectory_model/trajectory_samples/trajectory_sample_2026-03-03.csv.gz,5d7441eea7da3497628c384fb893d7fcd7ec31c3d7b123434649664577dbdf29,3192,18,3174,0.01,0.0025;0.005;0.01,0.005,260711,all events plus nested deterministic-hash sample of non-events
2026-03-10,v2025.03.14,v2025.03.14-or-later,317940,12,/content/VULN_PU_RAW/epss/epss_scores-2026-03-10.csv.gz,/content/VULN_PU_RAW/epss/epss_scores-2026-03-03.csv.gz,/content/VULN_PU_RAW/epss/epss_scores-2026-02-10.csv.gz,/content/VULN_PU_RESULTS/trajectory_model/trajectory_samples/trajectory_sample_2026-03-10.csv.gz,a9d1474789a9a429327c4eced38e58449f7f197888095c85166e356ed5550e9e,3167,12,3155,0.01,0.0025;0.005;0.01,0.005,260711,all events plus nested deterministic-hash sample of non-events
2026-03-17,v2025.03.14,v2025.03.14-or-later,319360,17,/content/VULN_PU_RAW/epss/epss_scores-2026-03-17.csv.gz,/content/VULN_PU_RAW/epss/epss_scores-2026-03-10.csv.gz,/content/VULN_PU_RAW/epss/epss_scores-2026-02-17.csv.gz,/content/VULN_PU_RESULTS/trajectory_model/trajectory_samples/trajectory_sample_2026-03-17.csv.gz,093d6c8430c00f99bb108c3b813aced8ae9ad48aa7665e09ad49bd87ec52575a,3232,17,3215,0.01,0.0025;0.005;0.01,0.005,260711,all events plus nested deterministic-hash sample of non-events
2026-03-24,v2025.03.14,v2025.03.14-or-later,320709,20,/content/VULN_PU_RAW/epss/epss_scores-2026-03-24.csv.gz,/content/VULN_PU_RAW/epss/epss_scores-2026-03-17.csv.gz,/content/VULN_PU_RAW/epss/epss_scores-2026-02-24.csv.gz,/content/VULN_PU_RESULTS/trajectory_model/trajectory_samples/trajectory_sample_2026-03-24.csv.gz,3a0ad9ba2c77441a75552f2bdcb275d77138a618c229909aae2004e3c47ab93f,3189,20,3169,0.01,0.0025;0.005;0.01,0.005,260711,all events plus nested deterministic-hash sample of non-events
2026-03-31,v2025.03.14,v2025.03.14-or-later,322346,22,/content/VULN_PU_RAW/epss/epss_scores-2026-03-31.csv.gz,/content/VULN_PU_RAW/epss/epss_scores-2026-03-24.csv.gz,/content/VULN_PU_RAW/epss/epss_scores-2026-03-03.csv.gz,/content/VULN_PU_RESULTS/trajectory_model/trajectory_samples/trajectory_sample_2026-03-31.csv.gz,93016fffd86e3265f95286cace07ed8b37f79104a9fe1d18decadd0782e741b2,3188,22,3166,0.01,0.0025;0.005;0.01,0.005,260711,all events plus nested deterministic-hash sample of non-events
2026-04-07,v2025.03.14,v2025.03.14-or-later,323694,22,/content/VULN_PU_RAW/epss/epss_scores-2026-04-07.csv.gz,/content/VULN_PU_RAW/epss/epss_scores-2026-03-31.csv.gz,/content/VULN_PU_RAW/epss/epss_scores-2026-03-10.csv.gz,/content/VULN_PU_RESULTS/trajectory_model/trajectory_samples/trajectory_sample_2026-04-07.csv.gz,1c9f3d378758e0e92966e07e807dd72bbc726b9bad4ad8dd73eac91060527f4c,3321,22,3299,0.01,0.0025;0.005;0.01,0.005,260711,all events plus nested deterministic-hash sample of non-events
2026-04-14,v2025.03.14,v2025.03.14-or-later,325277,15,/content/VULN_PU_RAW/epss/epss_scores-2026-04-14.csv.gz,/content/VULN_PU_RAW/epss/epss_scores-2026-04-07.csv.gz,/content/VULN_PU_RAW/epss/epss_scores-2026-03-17.csv.gz,/content/VULN_PU_RESULTS/trajectory_model/trajectory_samples/trajectory_sample_2026-04-14.csv.gz,cbafbc7f8a0f9a3f68ec36494af9ed51fac0c7d81ebc4a0a1c87363b4969bd9a,3275,15,3260,0.01,0.0025;0.005;0.01,0.005,260711,all events plus nested deterministic-hash sample of non-events
2026-04-21,v2025.03.14,v2025.03.14-or-later,326375,14,/content/VULN_PU_RAW/epss/epss_scores-2026-04-21.csv.gz,/content/VULN_PU_RAW/epss/epss_scores-2026-04-14.csv.gz,/content/VULN_PU_RAW/epss/epss_scores-2026-03-24.csv.gz,/content/VULN_PU_RESULTS/trajectory_model/trajectory_samples/trajectory_sample_2026-04-21.csv.gz,b07d74c11a60c7b3da6a9460b3c40ca88213e672d615f9d996286187f8809368,3237,14,3223,0.01,0.0025;0.005;0.01,0.005,260711,all events plus nested deterministic-hash sample of non-events
2026-04-28,v2025.03.14,v2025.03.14-or-later,327871,7,/content/VULN_PU_RAW/epss/epss_scores-2026-04-28.csv.gz,/content/VULN_PU_RAW/epss/epss_scores-2026-04-21.csv.gz,/content/VULN_PU_RAW/epss/epss_scores-2026-03-31.csv.gz,/content/VULN_PU_RESULTS/trajectory_model/trajectory_samples/trajectory_sample_2026-04-28.csv.gz,bd4f6ac1fa5cb3cdeca2f1d5542fafd1095449083798431e8a1f5eb723074102,3306,7,3299,0.01,0.0025;0.005;0.01,0.005,260711,all events plus nested deterministic-hash sample of non-events
2026-05-05,v2025.03.14,v2025.03.14-or-later,328957,8,/content/VULN_PU_RAW/epss/epss_scores-2026-05-05.csv.gz,/content/VULN_PU_RAW/epss/epss_scores-2026-04-28.csv.gz,/content/VULN_PU_RAW/epss/epss_scores-2026-04-07.csv.gz,/content/VULN_PU_RESULTS/trajectory_model/trajectory_samples/trajectory_sample_2026-05-05.csv.gz,cdfe85194334ac2c01c8522f530b31791350ab3cf88802ad9846aa63b55a2fe3,3320,8,3312,0.01,0.0025;0.005;0.01,0.005,260711,all events plus nested deterministic-hash sample of non-events
2026-05-12,v2025.03.14,v2025.03.14-or-later,330809,10,/content/VULN_PU_RAW/epss/epss_scores-2026-05-12.csv.gz,/content/VULN_PU_RAW/epss/epss_scores-2026-05-05.csv.gz,/content/VULN_PU_RAW/epss/epss_scores-2026-04-14.csv.gz,/content/VULN_PU_RESULTS/trajectory_model/trajectory_samples/trajectory_sample_2026-05-12.csv.gz,e4336c4e6ebe130c0f4da1961091d983e798668598f9b334dac42445aa7c3078,3235,10,3225,0.01,0.0025;0.005;0.01,0.005,260711,all events plus nested deterministic-hash sample of non-events
2026-05-19,v2025.03.14,v2025.03.14-or-later,332405,12,/content/VULN_PU_RAW/epss/epss_scores-2026-05-19.csv.gz,/content/VULN_PU_RAW/epss/epss_scores-2026-05-12.csv.gz,/content/VULN_PU_RAW/epss/epss_scores-2026-04-21.csv.gz,/content/VULN_PU_RESULTS/trajectory_model/trajectory_samples/trajectory_sample_2026-05-19.csv.gz,e379283125fd7f60bbedf3c0776a4d6022fa8846af59628b96072291a99ff018,3417,12,3405,0.01,0.0025;0.005;0.01,0.005,260711,all events plus nested deterministic-hash sample of non-events
2026-05-26,v2025.03.14,v2025.03.14-or-later,333397,10,/content/VULN_PU_RAW/epss/epss_scores-2026-05-26.csv.gz,/content/VULN_PU_RAW/epss/epss_scores-2026-05-19.csv.gz,/content/VULN_PU_RAW/epss/epss_scores-2026-04-28.csv.gz,/content/VULN_PU_RESULTS/trajectory_model/trajectory_samples/trajectory_sample_2026-05-26.csv.gz,3202f145971abc7bb4a7cf407102258c0869ef2e713940f75397ac7299c01354,3266,10,3256,0.01,0.0025;0.005;0.01,0.005,260711,all events plus nested deterministic-hash sample of non-events
2026-06-02,v2025.03.14,v2025.03.14-or-later,335675,7,/content/VULN_PU_RAW/epss/epss_scores-2026-06-02.csv.gz,/content/VULN_PU_RAW/epss/epss_scores-2026-05-26.csv.gz,/content/VULN_PU_RAW/epss/epss_scores-2026-05-05.csv.gz,/content/VULN_PU_RESULTS/trajectory_model/trajectory_samples/trajectory_sample_2026-06-02.csv.gz,6ab1bee5e8d81c475a7fa1f9dbd2aa13ac32aaec213f6c6942acb83204027ad4,3332,7,3325,0.01,0.0025;0.005;0.01,0.005,260711,all events plus nested deterministic-hash sample of non-events
2026-06-09,v2025.03.14,v2025.03.14-or-later,337254,7,/content/VULN_PU_RAW/epss/epss_scores-2026-06-09.csv.gz,/content/VULN_PU_RAW/epss/epss_scores-2026-06-02.csv.gz,/content/VULN_PU_RAW/epss/epss_scores-2026-05-12.csv.gz,/content/VULN_PU_RESULTS/trajectory_model/trajectory_samples/trajectory_sample_2026-06-09.csv.gz,7f441636b557e7b10f5f5b9d69a47af48e831aeff30c455148f59999a85f4a51,3329,7,3322,0.01,0.0025;0.005;0.01,0.005,260711,all events plus nested deterministic-hash sample of non-events
